,SEX,RAC1P
843313,2.0,1.0
160004,2.0,2.0
273335,1.0,1.0
1084374,2.0,2.0
764789,1.0,1.0
1568438,2.0,1.0
791423,1.0,1.0
372753,1.0,1.0
706272,1.0,1.0
1275449,1.0,1.0
363366,1.0,1.0
441571,1.0,1.0
560687,2.0,1.0
357353,2.0,1.0
1322159,2.0,1.0
808474,1.0,1.0
1415494,1.0,1.0
69350,2.0,2.0
1156142,1.0,1.0
1354818,2.0,1.0
1322474,2.0,1.0
1583912,1.0,1.0
499330,1.0,1.0
94223,1.0,1.0
953480,2.0,1.0
1589984,1.0,1.0
428907,2.0,1.0
569528,1.0,1.0
737993,2.0,1.0
62416,1.0,1.0
419847,2.0,1.0
1396222,2.0,1.0
415701,2.0,1.0
1076721,2.0,1.0
942426,2.0,1.0
1433705,1.0,1.0
95008,1.0,8.0
1429032,1.0,1.0
613593,1.0,1.0
60607,1.0,3.0
568129,2.0,2.0
1596579,1.0,1.0
1546019,2.0,1.0
1532942,2.0,2.0
800277,2.0,1.0
868767,1.0,1.0
284217,2.0,1.0
295994,1.0,1.0
464728,1.0,1.0
1135765,2.0,1.0
262713,2.0,6.0
899518,1.0,8.0
392011,1.0,1.0
1413361,2.0,2.0
985915,2.0,6.0
697561,2.0,1.0
1611421,2.0,1.0
1006870,2.0,1.0
1188582,1.0,2.0
669911,1.0,1.0
1019278,1.0,1.0
260740,2.0,1.0
1066204,1.0,1.0
773527,2.0,1.0
1371990,1.0,2.0
543342,1.0,1.0
939456,1.0,1.0
321826,1.0,8.0
792657,1.0,2.0
768723,1.0,1.0
1136006,2.0,1.0
139240,1.0,1.0
565647,1.0,1.0
130743,2.0,1.0
61415,2.0,1.0
1140006,2.0,1.0
379223,1.0,1.0
216316,1.0,2.0
19157,2.0,2.0
73766,1.0,1.0
1271440,2.0,1.0
169021,1.0,1.0
1627601,1.0,1.0
1646275,2.0,1.0
1351645,2.0,1.0
69317,1.0,1.0
496115,1.0,6.0
1347728,2.0,1.0
715533,2.0,1.0
450316,1.0,2.0
1197343,1.0,1.0
1280180,1.0,1.0
732557,2.0,2.0
311671,1.0,2.0
1314995,2.0,1.0
1477730,1.0,1.0
452751,2.0,2.0
181606,2.0,1.0
532771,2.0,1.0
751284,1.0,1.0
115465,2.0,6.0
499760,1.0,1.0
1395484,2.0,1.0
1516085,2.0,1.0
849450,1.0,1.0
66706,2.0,1.0
381571,1.0,2.0
808912,2.0,1.0
930666,2.0,2.0
53827,1.0,1.0
317765,1.0,1.0
740716,1.0,2.0
939975,2.0,6.0
226927,1.0,1.0
801658,1.0,1.0
1137448,2.0,1.0
1563404,2.0,1.0
951751,2.0,1.0
768594,1.0,2.0
1265514,1.0,8.0
946456,1.0,1.0
1413687,1.0,2.0
299302,1.0,1.0
320994,2.0,2.0
1078160,2.0,1.0
1549003,2.0,1.0
783530,2.0,1.0
1575159,2.0,1.0
194163,2.0,2.0
1287008,1.0,1.0
660163,2.0,1.0
1245467,1.0,1.0
660023,2.0,1.0
1353511,1.0,1.0
992518,1.0,1.0
463108,1.0,1.0
890204,1.0,1.0
1097026,2.0,1.0
939696,2.0,1.0
496245,1.0,1.0
208229,1.0,1.0
1043645,2.0,1.0
757380,1.0,1.0
984732,1.0,6.0
1496508,2.0,6.0
1354474,1.0,1.0
1620465,1.0,1.0
990908,1.0,1.0
407258,2.0,2.0
1019586,1.0,1.0
813965,1.0,1.0
777850,1.0,1.0
1535567,2.0,6.0
992536,2.0,1.0
1654792,2.0,9.0
1232417,1.0,2.0
261896,2.0,6.0
482623,1.0,1.0
1065185,1.0,1.0
1378070,1.0,2.0
163191,1.0,8.0
1054642,2.0,1.0
1584733,2.0,1.0
450579,2.0,1.0
570463,2.0,1.0
561609,2.0,1.0
320048,2.0,2.0
978832,1.0,6.0
661313,2.0,2.0
1363784,2.0,1.0
1382342,2.0,1.0
598355,1.0,8.0
1429017,2.0,1.0
681206,2.0,8.0
504560,1.0,6.0
1554672,1.0,1.0
1470438,2.0,9.0
498811,2.0,1.0
1323856,2.0,1.0
348149,1.0,1.0
1465368,2.0,1.0
1304286,2.0,1.0
404940,1.0,1.0
296615,1.0,1.0
1074110,1.0,9.0
1421669,1.0,1.0
537350,2.0,1.0
1068369,2.0,2.0
864532,2.0,1.0
637861,2.0,1.0
1586182,1.0,1.0
653659,1.0,1.0
486588,1.0,1.0
1180752,2.0,9.0
1408413,2.0,1.0
1529166,1.0,2.0
124845,2.0,6.0
1334015,2.0,1.0
748357,1.0,1.0
401819,2.0,1.0
958878,2.0,1.0
681010,2.0,1.0
519601,1.0,1.0
799307,2.0,1.0
1042017,2.0,8.0
1243175,1.0,1.0
1527166,2.0,1.0
751709,2.0,1.0
1358701,1.0,1.0
613235,2.0,1.0
857352,2.0,2.0
1253351,1.0,1.0
1412431,1.0,1.0
481092,2.0,9.0
476862,1.0,6.0
1388200,2.0,1.0
928002,1.0,1.0
1417002,1.0,1.0
1621694,1.0,1.0
1341381,2.0,1.0
329209,2.0,1.0
1493447,2.0,1.0
200825,1.0,2.0
988116,1.0,1.0
1239473,2.0,1.0
581254,1.0,1.0
1164056,2.0,1.0
863060,1.0,1.0
427888,1.0,1.0
489933,2.0,1.0
310133,2.0,1.0
679344,2.0,2.0
365810,2.0,1.0
140478,1.0,9.0
1136643,1.0,1.0
1362236,2.0,1.0
1361528,1.0,1.0
1234394,1.0,1.0
96657,1.0,1.0
388542,1.0,1.0
1298300,1.0,1.0
962121,2.0,1.0
626146,2.0,1.0
598541,2.0,1.0
1599568,1.0,1.0
213349,2.0,8.0
1033206,2.0,1.0
968721,2.0,1.0
1557156,2.0,1.0
1559053,1.0,1.0
478670,2.0,1.0
1606573,2.0,1.0
267134,2.0,1.0
1623386,2.0,1.0
1655331,2.0,3.0
1338946,1.0,1.0
1466336,1.0,1.0
632388,1.0,1.0
221528,1.0,1.0
1038189,1.0,2.0
456973,1.0,1.0
1331775,2.0,1.0
432316,1.0,1.0
1529208,1.0,1.0
917050,2.0,1.0
124135,2.0,1.0
457555,1.0,1.0
1400854,2.0,5.0
607569,1.0,1.0
1496880,1.0,1.0
1065741,1.0,8.0
1482253,1.0,1.0
452003,2.0,2.0
1499003,1.0,6.0
422912,2.0,1.0
217651,1.0,6.0
1207800,2.0,1.0
585015,2.0,1.0
675349,2.0,1.0
1537046,2.0,1.0
832973,2.0,1.0
478455,1.0,1.0
188645,1.0,8.0
1235441,2.0,1.0
930580,2.0,1.0
315327,2.0,1.0
381329,2.0,1.0
907671,2.0,6.0
1480513,1.0,1.0
1524774,1.0,1.0
890102,1.0,1.0
399719,1.0,9.0
1557506,2.0,2.0
368031,1.0,1.0
1449816,1.0,1.0
897564,1.0,2.0
1204696,2.0,1.0
16038,2.0,1.0
1586106,1.0,1.0
466125,1.0,1.0
334324,1.0,1.0
820000,2.0,1.0
1118634,1.0,1.0
965197,2.0,1.0
2730,1.0,1.0
588453,2.0,1.0
863323,1.0,1.0
308288,1.0,1.0
183749,2.0,2.0
181978,1.0,2.0
172851,1.0,1.0
699230,1.0,1.0
1455654,1.0,1.0
1496488,2.0,8.0
1455030,2.0,1.0
759350,2.0,1.0
1133671,2.0,1.0
211893,1.0,1.0
833882,2.0,1.0
536687,1.0,1.0
357330,2.0,1.0
858779,2.0,1.0
31098,1.0,1.0
586338,2.0,2.0
555189,1.0,1.0
649344,1.0,1.0
1392940,1.0,2.0
26684,2.0,6.0
658238,1.0,1.0
933592,2.0,1.0
878906,1.0,9.0
1257614,1.0,1.0
116520,2.0,1.0
973992,2.0,1.0
569226,1.0,1.0
1660256,2.0,8.0
1173321,2.0,1.0
1317127,2.0,2.0
886292,1.0,1.0
620641,1.0,1.0
163547,1.0,6.0
415924,1.0,2.0
1033581,1.0,1.0
1382240,1.0,1.0
67556,2.0,1.0
1264190,1.0,2.0
1486826,1.0,1.0
891136,1.0,2.0
138040,1.0,1.0
395536,1.0,1.0
382158,1.0,1.0
454301,2.0,1.0
1402453,2.0,1.0
816718,2.0,1.0
1250726,1.0,1.0
566937,1.0,1.0
414607,2.0,1.0
299946,1.0,1.0
1544659,1.0,1.0
1255770,2.0,1.0
1110782,2.0,1.0
241504,1.0,1.0
272243,2.0,1.0
987305,1.0,1.0
1418519,1.0,1.0
1434956,1.0,1.0
132583,1.0,3.0
308565,1.0,1.0
1612328,2.0,1.0
1013114,1.0,1.0
1500325,2.0,1.0
1299894,2.0,2.0
587280,1.0,1.0
1236865,1.0,1.0
850717,2.0,1.0
1361336,1.0,1.0
1558512,2.0,2.0
1082116,1.0,1.0
1660521,1.0,1.0
849410,1.0,1.0
390481,2.0,1.0
1110910,2.0,2.0
1222937,2.0,1.0
1061445,2.0,1.0
1247721,1.0,1.0
243926,1.0,1.0
169382,1.0,1.0
1037109,2.0,8.0
500562,2.0,1.0
1626589,2.0,1.0
1290805,2.0,1.0
1058514,2.0,2.0
570345,2.0,1.0
1226825,1.0,1.0
930476,2.0,1.0
67268,1.0,1.0
1528386,1.0,1.0
1195561,2.0,1.0
1457247,1.0,1.0
581956,1.0,1.0
611915,2.0,1.0
181943,2.0,1.0
1305847,1.0,1.0
889203,2.0,1.0
1214483,1.0,1.0
1278163,1.0,1.0
721973,2.0,1.0
1236931,2.0,1.0
1098703,1.0,2.0
389686,1.0,1.0
210296,1.0,1.0
850235,1.0,1.0
1041079,2.0,1.0
544676,2.0,2.0
1307468,1.0,1.0
1069826,1.0,2.0
1299838,1.0,1.0
111198,2.0,8.0
1663828,1.0,1.0
1224701,1.0,8.0
883524,2.0,1.0
1451066,2.0,1.0
118722,1.0,6.0
528664,2.0,6.0
1080141,2.0,1.0
384093,1.0,1.0
394685,2.0,6.0
270724,1.0,1.0
1615556,2.0,1.0
451437,1.0,1.0
242598,2.0,1.0
604256,2.0,1.0
856361,1.0,1.0
1015373,2.0,8.0
815738,2.0,1.0
933767,2.0,1.0
1503775,2.0,1.0
822188,2.0,1.0
300638,2.0,6.0
1278272,1.0,1.0
1037370,1.0,1.0
1260735,1.0,1.0
1530858,1.0,1.0
1035445,2.0,2.0
878289,1.0,1.0
1418830,2.0,1.0
756073,2.0,6.0
1067381,2.0,1.0
1182360,2.0,1.0
24734,1.0,9.0
397726,2.0,1.0
1564007,1.0,1.0
428228,2.0,1.0
149496,2.0,6.0
168290,2.0,6.0
801036,1.0,1.0
470000,2.0,1.0
1523876,2.0,1.0
401651,1.0,1.0
1305697,1.0,1.0
1089230,2.0,1.0
1358694,1.0,1.0
115429,1.0,8.0
59287,2.0,1.0
608654,1.0,1.0
1335238,1.0,1.0
1545269,1.0,1.0
890830,2.0,1.0
1366148,1.0,1.0
134979,1.0,1.0
1562626,1.0,1.0
787284,1.0,1.0
887777,2.0,1.0
1565137,1.0,1.0
615290,2.0,1.0
141269,2.0,8.0
534667,1.0,1.0
656828,1.0,1.0
883565,1.0,1.0
1019046,2.0,1.0
450142,1.0,2.0
1342594,1.0,6.0
856984,1.0,1.0
1308523,1.0,1.0
908546,1.0,1.0
564395,2.0,1.0
230051,2.0,6.0
912251,1.0,1.0
659523,1.0,1.0
203343,1.0,8.0
1625221,1.0,1.0
182525,1.0,1.0
659349,1.0,1.0
1314892,2.0,2.0
1443429,1.0,1.0
936280,1.0,2.0
356582,1.0,1.0
1634045,2.0,1.0
215100,2.0,6.0
983986,1.0,1.0
595999,2.0,1.0
368695,2.0,1.0
266312,2.0,1.0
62540,1.0,1.0
524713,1.0,1.0
1130530,1.0,1.0
78359,1.0,8.0
1329125,2.0,1.0
1399938,2.0,2.0
41055,2.0,2.0
216066,1.0,8.0
1458965,2.0,1.0
1632597,2.0,1.0
1447171,2.0,1.0
790607,2.0,1.0
112272,1.0,1.0
868025,1.0,1.0
874628,1.0,1.0
1184805,1.0,1.0
247443,2.0,2.0
1150600,2.0,1.0
1240272,2.0,1.0
746420,1.0,6.0
273077,2.0,1.0
501041,2.0,2.0
1655168,1.0,1.0
75517,2.0,1.0
1118797,1.0,1.0
272227,1.0,1.0
1653798,1.0,1.0
883044,1.0,1.0
782721,2.0,1.0
1285345,2.0,2.0
606932,2.0,1.0
381391,2.0,1.0
470166,2.0,1.0
941191,1.0,1.0
359482,1.0,1.0
522943,2.0,1.0
670706,1.0,1.0
1123899,2.0,1.0
409705,1.0,1.0
788799,1.0,1.0
1604105,1.0,1.0
430083,2.0,1.0
510142,1.0,1.0
496553,1.0,1.0
426311,2.0,1.0
1397173,2.0,1.0
175834,1.0,1.0
1259222,2.0,1.0
1184890,2.0,1.0
207622,2.0,2.0
1233896,2.0,2.0
1311681,1.0,1.0
1521972,2.0,9.0
302903,1.0,1.0
632474,1.0,1.0
13189,1.0,1.0
250082,1.0,1.0
292588,2.0,1.0
256837,2.0,1.0
414814,2.0,6.0
1528118,2.0,2.0
155694,1.0,9.0
1226547,1.0,1.0
995046,1.0,1.0
638095,2.0,1.0
583281,1.0,1.0
1110453,2.0,1.0
1502870,1.0,3.0
487264,2.0,1.0
1590221,1.0,1.0
191834,2.0,1.0
293089,1.0,9.0
517357,1.0,1.0
962153,1.0,3.0
281279,2.0,1.0
699834,1.0,1.0
418464,2.0,1.0
1612851,2.0,1.0
1402140,2.0,1.0
890032,1.0,1.0
1251946,1.0,1.0
1451021,2.0,8.0
467479,2.0,2.0
1204385,1.0,1.0
612918,2.0,1.0
434600,1.0,6.0
569107,1.0,1.0
53189,1.0,1.0
653071,1.0,1.0
829492,2.0,1.0
1263907,2.0,1.0
511118,2.0,1.0
19419,1.0,1.0
1215148,2.0,1.0
851825,2.0,1.0
1072415,1.0,1.0
564926,1.0,6.0
1630214,2.0,1.0
1657427,2.0,1.0
514130,1.0,1.0
616411,1.0,1.0
496638,1.0,1.0
994864,2.0,1.0
873680,1.0,1.0
27208,2.0,8.0
402971,1.0,1.0
1639208,1.0,1.0
127993,1.0,8.0
98508,2.0,1.0
262658,1.0,1.0
799110,1.0,1.0
661299,1.0,1.0
1614646,2.0,1.0
777923,1.0,8.0
1256669,1.0,1.0
1382861,2.0,1.0
10917,1.0,1.0
1483629,2.0,1.0
36747,2.0,1.0
536942,2.0,2.0
71421,2.0,1.0
949624,2.0,1.0
813567,1.0,1.0
89392,2.0,8.0
1316970,1.0,2.0
432390,1.0,1.0
1292667,1.0,6.0
855429,2.0,1.0
1603557,2.0,1.0
875266,1.0,1.0
229714,2.0,1.0
394557,1.0,2.0
1303312,2.0,1.0
341630,1.0,1.0
1099502,2.0,2.0
454250,2.0,1.0
790663,1.0,1.0
1138641,1.0,1.0
604188,2.0,1.0
165719,2.0,1.0
267140,2.0,2.0
1295529,2.0,1.0
900292,2.0,2.0
770468,1.0,1.0
802363,1.0,1.0
1511244,2.0,1.0
1460919,2.0,1.0
435281,1.0,1.0
1078590,1.0,6.0
1564781,2.0,1.0
685858,1.0,1.0
1228451,1.0,2.0
1534245,2.0,1.0
153423,1.0,9.0
1027461,1.0,1.0
1571281,2.0,2.0
885811,1.0,1.0
10012,2.0,2.0
874431,2.0,1.0
684650,2.0,9.0
325813,2.0,1.0
647498,1.0,1.0
511011,2.0,1.0
1451964,1.0,1.0
1078833,1.0,1.0
1283969,2.0,1.0
1445572,1.0,1.0
67195,2.0,1.0
357069,1.0,1.0
581837,2.0,1.0
1079923,1.0,1.0
1419555,2.0,1.0
1191932,1.0,1.0
729718,2.0,1.0
655575,1.0,2.0
1424752,1.0,1.0
1091162,1.0,2.0
1137030,1.0,1.0
862515,1.0,1.0
1327075,2.0,1.0
1536272,2.0,1.0
708857,2.0,1.0
411230,2.0,1.0
84065,1.0,1.0
1248450,2.0,1.0
760079,1.0,1.0
1105433,1.0,3.0
333580,2.0,1.0
397155,1.0,1.0
1465857,1.0,1.0
1402332,1.0,6.0
67775,1.0,1.0
1268592,2.0,1.0
199527,2.0,1.0
1504345,2.0,1.0
1065912,1.0,1.0
909261,1.0,1.0
665263,1.0,1.0
1077625,2.0,1.0
313660,1.0,1.0
882890,1.0,1.0
24952,1.0,1.0
961840,2.0,1.0
228636,1.0,8.0
1237138,2.0,1.0
489121,1.0,1.0
250185,1.0,2.0
859773,1.0,2.0
1250871,1.0,1.0
639569,2.0,1.0
974025,1.0,1.0
612428,1.0,1.0
119047,1.0,3.0
1246501,1.0,1.0
980069,1.0,1.0
604092,2.0,1.0
682602,1.0,1.0
1556579,1.0,6.0
1184217,2.0,1.0
1002624,1.0,2.0
800027,2.0,1.0
198011,1.0,6.0
564125,1.0,1.0
711522,1.0,2.0
1058175,1.0,1.0
170439,2.0,6.0
448758,2.0,1.0
1191360,1.0,1.0
242891,1.0,2.0
274148,2.0,1.0
868886,1.0,1.0
172258,2.0,1.0
269426,2.0,1.0
240677,2.0,1.0
1657485,1.0,1.0
1043454,1.0,8.0
968257,1.0,1.0
1633363,1.0,1.0
215158,1.0,1.0
1153399,1.0,1.0
298850,1.0,1.0
262129,1.0,7.0
836137,2.0,1.0
1134593,2.0,1.0
401990,1.0,1.0
1606310,2.0,1.0
1285189,1.0,1.0
484798,2.0,1.0
836711,1.0,1.0
932658,1.0,1.0
141619,1.0,6.0
756228,1.0,9.0
1381057,2.0,1.0
1188580,2.0,1.0
692404,1.0,1.0
535824,1.0,1.0
1326096,2.0,1.0
1596723,1.0,1.0
211468,1.0,8.0
907469,2.0,1.0
690437,1.0,8.0
860722,1.0,1.0
1393765,1.0,1.0
262179,1.0,1.0
974283,2.0,1.0
1574578,2.0,6.0
1083099,1.0,1.0
868334,1.0,1.0
1396792,1.0,1.0
554132,2.0,1.0
461593,2.0,1.0
584824,1.0,1.0
916372,2.0,1.0
1564406,2.0,2.0
238970,2.0,8.0
549825,2.0,1.0
902736,2.0,1.0
458713,1.0,1.0
262285,1.0,1.0
1129985,1.0,1.0
1274416,1.0,1.0
105529,1.0,8.0
1614583,2.0,1.0
1250047,2.0,1.0
27152,1.0,1.0
1355595,2.0,1.0
37437,1.0,1.0
1208712,2.0,3.0
512133,2.0,1.0
792651,2.0,1.0
777906,1.0,2.0
590900,2.0,1.0
27314,2.0,1.0
851713,2.0,1.0
556601,1.0,1.0
692914,2.0,1.0
719544,2.0,1.0
1072737,2.0,1.0
249621,1.0,1.0
1278975,1.0,1.0
569748,2.0,2.0
325672,1.0,1.0
8761,1.0,1.0
8653,2.0,1.0
1484128,1.0,1.0
1399760,2.0,1.0
1363729,2.0,1.0
779285,1.0,1.0
1078877,1.0,1.0
1175303,2.0,2.0
1455009,2.0,1.0
1223078,1.0,1.0
916271,2.0,1.0
1063699,2.0,1.0
656965,1.0,8.0
1453331,2.0,1.0
1304899,1.0,1.0
482077,2.0,1.0
1193489,1.0,1.0
806106,1.0,6.0
886057,2.0,1.0
1169767,1.0,1.0
1466728,1.0,1.0
1546281,2.0,1.0
1471186,1.0,1.0
792844,2.0,1.0
1404365,1.0,1.0
1525596,2.0,1.0
1059110,1.0,1.0
552908,2.0,1.0
888535,2.0,1.0
1014963,2.0,2.0
1325268,2.0,1.0
990647,1.0,1.0
132218,2.0,6.0
844674,1.0,2.0
431664,1.0,2.0
1398270,2.0,2.0
617608,2.0,1.0
53942,1.0,1.0
1578937,2.0,1.0
164854,2.0,1.0
460871,2.0,2.0
1584401,1.0,1.0
973741,2.0,1.0
1152460,1.0,1.0
413343,2.0,1.0
1229729,2.0,1.0
587915,1.0,1.0
902706,2.0,1.0
648538,2.0,1.0
1472762,2.0,2.0
45190,2.0,1.0
317382,1.0,1.0
1055019,2.0,2.0
295200,1.0,2.0
1037149,1.0,1.0
613400,1.0,1.0
378389,2.0,1.0
1265348,1.0,1.0
7493,1.0,1.0
279407,1.0,9.0
687803,1.0,1.0
931372,2.0,6.0
323632,1.0,1.0
965414,2.0,1.0
979313,1.0,6.0
796122,2.0,1.0
625171,1.0,1.0
1644793,2.0,1.0
1659215,1.0,1.0
698900,2.0,1.0
1266948,1.0,1.0
556481,1.0,1.0
177409,2.0,6.0
1507667,1.0,1.0
1301125,1.0,1.0
1050978,2.0,2.0
517717,2.0,1.0
902812,2.0,1.0
268726,2.0,1.0
476081,2.0,6.0
640975,2.0,1.0
1625921,1.0,1.0
51070,2.0,1.0
1583894,1.0,1.0
334830,1.0,1.0
128056,1.0,6.0
1477764,2.0,1.0
38095,1.0,1.0
519808,1.0,1.0
159962,2.0,9.0
730369,1.0,1.0
1098077,2.0,1.0
886605,2.0,1.0
473281,1.0,1.0
913005,1.0,1.0
1451643,2.0,2.0
1651968,2.0,1.0
1191727,1.0,1.0
1062402,2.0,1.0
1474753,2.0,1.0
624651,2.0,1.0
1098090,1.0,1.0
593164,1.0,2.0
1453306,1.0,1.0
1624933,1.0,3.0
638174,2.0,1.0
576263,2.0,1.0
346888,2.0,1.0
1619315,1.0,1.0
1104192,1.0,1.0
1001367,1.0,1.0
224536,1.0,6.0
129200,2.0,1.0
397922,2.0,1.0
174933,2.0,1.0
1259407,2.0,1.0
815606,2.0,1.0
1485083,1.0,1.0
117158,1.0,8.0
1300994,2.0,1.0
1134426,1.0,1.0
1475424,2.0,1.0
370761,1.0,1.0
1170044,1.0,1.0
881566,1.0,1.0
266301,2.0,1.0
601956,1.0,1.0
387764,1.0,1.0
751289,2.0,1.0
1556997,1.0,1.0
1078903,1.0,1.0
517145,1.0,6.0
635001,2.0,1.0
1352322,1.0,2.0
517092,1.0,8.0
506947,1.0,9.0
1164673,2.0,1.0
639397,2.0,1.0
1571079,2.0,1.0
1411,1.0,2.0
505201,2.0,1.0
353560,1.0,1.0
788351,2.0,1.0
791593,1.0,6.0
1402238,2.0,1.0
580782,2.0,1.0
452880,1.0,1.0
971157,2.0,1.0
454073,1.0,1.0
504383,1.0,1.0
1635965,2.0,1.0
19098,2.0,2.0
944018,1.0,2.0
1010782,1.0,1.0
1430508,2.0,1.0
1238044,2.0,1.0
181985,2.0,1.0
332265,2.0,1.0
451297,2.0,2.0
1514733,2.0,1.0
72044,2.0,1.0
1317246,1.0,1.0
1477266,1.0,1.0
1213588,1.0,1.0
552685,2.0,8.0
1038251,1.0,1.0
562564,2.0,1.0
347496,2.0,1.0
1453315,2.0,1.0
822016,1.0,1.0
1627482,2.0,1.0
612350,1.0,1.0
1253633,2.0,1.0
924315,2.0,1.0
1223789,1.0,1.0
421351,2.0,1.0
1162033,1.0,1.0
83491,1.0,1.0
122651,1.0,9.0
902746,1.0,1.0
1564544,1.0,6.0
83810,1.0,1.0
1409404,1.0,2.0
805747,1.0,1.0
910306,1.0,1.0
1621587,2.0,1.0
100140,1.0,1.0
260991,2.0,1.0
610250,1.0,1.0
1198203,1.0,9.0
642310,2.0,1.0
35979,1.0,1.0
23556,2.0,9.0
1023903,1.0,2.0
791820,2.0,1.0
1539707,2.0,1.0
1429987,2.0,1.0
1151453,2.0,1.0
363030,2.0,2.0
985535,2.0,1.0
528960,2.0,2.0
716792,1.0,8.0
1128228,1.0,1.0
424196,1.0,1.0
723390,2.0,1.0
943428,1.0,2.0
917379,2.0,1.0
60453,1.0,1.0
563185,2.0,1.0
1621697,2.0,1.0
1192601,2.0,9.0
26291,2.0,1.0
427340,1.0,1.0
867822,1.0,1.0
1374002,2.0,1.0
54272,2.0,1.0
339323,1.0,9.0
1624177,1.0,1.0
342865,2.0,1.0
516436,2.0,2.0
397703,2.0,9.0
1213383,2.0,8.0
1182271,1.0,1.0
1369742,1.0,1.0
1266784,2.0,1.0
1142229,1.0,1.0
714530,1.0,1.0
1501086,2.0,1.0
1227764,2.0,1.0
1518067,2.0,1.0
505646,2.0,1.0
1488455,2.0,1.0
388521,1.0,1.0
198895,2.0,6.0
922743,1.0,1.0
88733,1.0,8.0
544341,1.0,1.0
907816,1.0,1.0
515951,1.0,1.0
615537,1.0,1.0
1382951,1.0,1.0
1171326,2.0,1.0
619839,1.0,1.0
1283936,1.0,1.0
275792,2.0,1.0
1612635,1.0,1.0
723731,1.0,1.0
21155,2.0,1.0
1410844,2.0,1.0
497377,1.0,1.0
696651,1.0,6.0
130486,2.0,1.0
188107,1.0,8.0
49791,1.0,1.0
272120,1.0,1.0
571374,2.0,1.0
1124881,1.0,1.0
856821,2.0,1.0
980751,2.0,1.0
1252681,1.0,1.0
606991,1.0,1.0
527682,2.0,1.0
424335,1.0,2.0
1593433,1.0,6.0
1538383,1.0,6.0
647320,2.0,1.0
288048,1.0,1.0
1617658,2.0,1.0
1422594,2.0,1.0
304586,1.0,1.0
614422,1.0,1.0
1488598,2.0,1.0
1561120,2.0,1.0
1283840,2.0,1.0
721489,1.0,1.0
801028,2.0,1.0
96312,1.0,1.0
1233707,2.0,1.0
977681,1.0,1.0
1001013,1.0,1.0
1541284,2.0,1.0
1181726,2.0,1.0
820901,2.0,1.0
1536433,2.0,1.0
783956,1.0,1.0
69582,1.0,9.0
108406,1.0,5.0
1269692,1.0,1.0
506557,1.0,1.0
14815,1.0,1.0
1028280,1.0,1.0
517601,1.0,1.0
1045710,1.0,1.0
74000,2.0,5.0
597786,2.0,1.0
628710,1.0,1.0
1463636,2.0,1.0
1221089,2.0,1.0
217882,1.0,1.0
1028601,1.0,1.0
964232,2.0,1.0
1314337,2.0,1.0
1550508,2.0,9.0
523114,1.0,1.0
1076664,2.0,1.0
563095,1.0,1.0
152845,2.0,1.0
19270,2.0,1.0
540289,2.0,1.0
1321661,1.0,1.0
129398,2.0,2.0
1137880,2.0,2.0
1334463,2.0,1.0
1656182,2.0,1.0
886494,1.0,1.0
264469,1.0,8.0
1332709,2.0,1.0
932593,2.0,9.0
713764,2.0,1.0
1335163,2.0,1.0
739382,2.0,1.0
394010,2.0,1.0
1507108,2.0,1.0
694908,2.0,1.0
1255339,1.0,1.0
1504867,2.0,1.0
1452257,1.0,1.0
1295094,1.0,1.0
651938,1.0,1.0
349682,2.0,1.0
508255,1.0,1.0
134165,1.0,9.0
562055,1.0,1.0
1313868,2.0,2.0
577575,1.0,1.0
985414,1.0,9.0
574270,2.0,1.0
1435948,1.0,1.0
1498973,2.0,1.0
736815,1.0,6.0
591613,1.0,1.0
866305,1.0,1.0
1641739,1.0,1.0
1424330,1.0,6.0
446763,2.0,2.0
188498,1.0,9.0
846219,1.0,1.0
707539,2.0,1.0
984512,2.0,1.0
1111623,2.0,1.0
876508,1.0,1.0
1211180,1.0,1.0
309863,1.0,1.0
166973,1.0,8.0
1234064,2.0,1.0
222401,1.0,1.0
540377,2.0,1.0
565060,1.0,1.0
1494628,1.0,2.0
1363890,1.0,1.0
1260886,1.0,1.0
1308487,1.0,6.0
58948,1.0,1.0
189075,1.0,6.0
361927,1.0,1.0
868145,1.0,1.0
1152453,1.0,1.0
605858,2.0,1.0
1381200,1.0,1.0
724378,1.0,1.0
1555071,1.0,1.0
567239,2.0,1.0
1597404,2.0,2.0
50615,1.0,1.0
296818,1.0,1.0
707432,2.0,1.0
1270117,1.0,1.0
1524339,2.0,1.0
1540702,2.0,2.0
1254413,1.0,1.0
496924,2.0,1.0
1339897,2.0,2.0
1368659,1.0,2.0
841155,2.0,2.0
422989,2.0,1.0
1376292,2.0,1.0
980368,1.0,1.0
1560512,2.0,1.0
1230327,1.0,1.0
1553113,1.0,2.0
1571033,1.0,2.0
20999,2.0,2.0
861272,2.0,1.0
667267,2.0,2.0
878704,2.0,1.0
1362527,2.0,2.0
822737,2.0,8.0
500368,2.0,1.0
598307,2.0,1.0
994119,2.0,2.0
1205708,1.0,1.0
1603043,1.0,1.0
719979,2.0,1.0
844123,1.0,1.0
1135485,1.0,1.0
50903,1.0,1.0
89009,2.0,1.0
193959,2.0,9.0
498608,1.0,1.0
262706,2.0,6.0
501185,1.0,8.0
136115,1.0,1.0
655207,2.0,1.0
632757,2.0,1.0
547108,2.0,6.0
1421853,2.0,1.0
586920,2.0,1.0
489550,1.0,1.0
1556514,1.0,2.0
94738,2.0,1.0
905139,1.0,1.0
534869,2.0,1.0
1501816,1.0,1.0
630052,1.0,1.0
573902,1.0,1.0
312523,2.0,1.0
1572327,1.0,1.0
223584,1.0,1.0
126400,2.0,1.0
1172342,2.0,1.0
556732,2.0,1.0
893888,1.0,1.0
818154,1.0,1.0
1641117,2.0,1.0
1509294,2.0,1.0
742628,1.0,1.0
1449220,2.0,1.0
1125329,1.0,1.0
1506075,2.0,1.0
821842,1.0,1.0
1010534,1.0,1.0
1154234,1.0,6.0
377130,2.0,1.0
952073,2.0,1.0
748359,2.0,1.0
1284539,2.0,1.0
751565,1.0,1.0
720475,1.0,1.0
591879,1.0,2.0
1386323,2.0,1.0
1247246,1.0,1.0
1511175,1.0,1.0
98245,1.0,1.0
1283280,2.0,2.0
102650,2.0,8.0
739608,2.0,1.0
350351,2.0,2.0
1051074,2.0,1.0
1250789,1.0,1.0
904844,2.0,8.0
340682,1.0,1.0
1540935,1.0,1.0
1094306,2.0,2.0
1033421,1.0,1.0
93346,1.0,8.0
1041486,1.0,6.0
1319843,1.0,1.0
323638,2.0,2.0
1224019,1.0,1.0
485500,2.0,1.0
1605229,2.0,1.0
851003,2.0,1.0
1588281,2.0,1.0
813406,1.0,1.0
186098,2.0,1.0
748776,1.0,1.0
944102,1.0,1.0
1299154,1.0,1.0
1161766,1.0,1.0
1015400,2.0,1.0
344501,2.0,1.0
942574,2.0,9.0
1079979,2.0,1.0
1143311,1.0,1.0
190727,1.0,1.0
883338,2.0,1.0
967466,2.0,6.0
109655,2.0,1.0
442535,1.0,1.0
263958,1.0,1.0
746031,1.0,1.0
226012,1.0,1.0
1055046,2.0,1.0
654922,2.0,2.0
695266,2.0,1.0
1208410,1.0,1.0
711156,2.0,1.0
1233658,2.0,1.0
1005087,1.0,1.0
931847,2.0,1.0
1312961,1.0,1.0
386966,1.0,1.0
806752,2.0,1.0
462191,1.0,1.0
558192,1.0,1.0
909253,1.0,6.0
1426017,1.0,1.0
1223957,1.0,1.0
295614,1.0,1.0
1035361,2.0,1.0
581124,2.0,1.0
549202,1.0,1.0
1655524,1.0,2.0
391253,2.0,1.0
583379,1.0,1.0
143733,2.0,1.0
493681,1.0,1.0
702575,1.0,1.0
754484,1.0,1.0
88808,1.0,1.0
386522,2.0,1.0
480589,1.0,6.0
190419,2.0,1.0
1206073,1.0,1.0
1287207,2.0,1.0
258518,2.0,6.0
554697,1.0,1.0
526500,1.0,1.0
1611902,1.0,1.0
360786,2.0,1.0
42451,2.0,1.0
1587519,2.0,3.0
128931,2.0,1.0
130930,1.0,1.0
40562,1.0,1.0
477125,2.0,6.0
390728,1.0,1.0
468653,2.0,1.0
146223,2.0,1.0
1238404,1.0,1.0
803954,1.0,1.0
751023,2.0,1.0
232221,1.0,1.0
406424,1.0,1.0
783574,1.0,1.0
93762,2.0,1.0
110808,1.0,6.0
88318,1.0,1.0
1158640,1.0,1.0
1350949,1.0,1.0
1631807,1.0,1.0
342418,1.0,2.0
411638,2.0,2.0
161558,2.0,8.0
847117,1.0,1.0
945868,2.0,1.0
742371,1.0,1.0
302059,2.0,1.0
171128,1.0,1.0
1627829,1.0,1.0
1430778,2.0,1.0
627736,1.0,1.0
1369434,1.0,1.0
127109,2.0,8.0
1259577,2.0,1.0
1090576,2.0,8.0
291772,1.0,1.0
476499,2.0,9.0
9276,2.0,1.0
751514,2.0,1.0
748737,1.0,1.0
619660,1.0,6.0
254593,2.0,1.0
686271,1.0,1.0
1158511,1.0,1.0
1354215,2.0,1.0
175284,2.0,9.0
1484908,2.0,1.0
1107824,1.0,1.0
1031110,2.0,1.0
705139,1.0,2.0
1298441,1.0,1.0
1551747,1.0,1.0
866973,1.0,1.0
1267921,1.0,1.0
862364,2.0,1.0
1189054,2.0,1.0
944123,1.0,2.0
1456871,2.0,2.0
604299,1.0,1.0
1467246,1.0,1.0
1004766,1.0,1.0
395681,1.0,1.0
481389,2.0,1.0
678854,2.0,1.0
194480,1.0,1.0
1537370,1.0,1.0
405755,1.0,1.0
827954,2.0,1.0
165036,1.0,1.0
551453,1.0,1.0
1498243,1.0,1.0
1440007,2.0,1.0
530444,2.0,1.0
265919,1.0,1.0
1019091,1.0,8.0
1242067,1.0,1.0
1440194,1.0,1.0
1153121,1.0,1.0
584154,2.0,1.0
908885,1.0,1.0
793307,1.0,1.0
401038,2.0,6.0
971311,1.0,6.0
390534,2.0,1.0
280003,2.0,1.0
882211,2.0,1.0
1568259,1.0,1.0
104680,1.0,8.0
578012,1.0,1.0
222435,2.0,1.0
597366,2.0,1.0
351472,2.0,1.0
1591318,1.0,6.0
1335884,1.0,2.0
561293,1.0,2.0
56835,2.0,1.0
749592,1.0,1.0
1492182,1.0,8.0
672701,1.0,1.0
1235245,1.0,1.0
246865,2.0,9.0
86494,1.0,6.0
1599328,2.0,1.0
898160,2.0,1.0
143056,1.0,1.0
476431,2.0,6.0
625821,1.0,1.0
1315728,1.0,1.0
1100027,1.0,2.0
620743,2.0,1.0
531148,1.0,1.0
189749,1.0,1.0
734314,2.0,1.0
1606616,1.0,1.0
556275,1.0,1.0
1452911,1.0,1.0
863284,1.0,1.0
743338,1.0,6.0
300378,2.0,1.0
1474059,2.0,1.0
918108,1.0,1.0
985993,1.0,1.0
1097674,2.0,1.0
203738,2.0,1.0
920009,1.0,1.0
539069,1.0,1.0
324186,2.0,1.0
325428,2.0,1.0
1158698,2.0,1.0
1202891,1.0,1.0
1124293,1.0,1.0
1324666,1.0,1.0
1205340,2.0,1.0
19539,1.0,2.0
1611604,1.0,1.0
1121215,1.0,1.0
1562644,2.0,1.0
1142404,1.0,1.0
633374,2.0,1.0
1106982,2.0,1.0
629434,1.0,1.0
23586,2.0,1.0
1568223,2.0,1.0
942528,1.0,2.0
386349,1.0,1.0
449147,1.0,1.0
1003984,1.0,2.0
311833,2.0,1.0
479784,2.0,9.0
611855,2.0,1.0
391805,2.0,1.0
791995,1.0,1.0
571313,2.0,1.0
740701,2.0,1.0
733077,2.0,2.0
329768,2.0,1.0
150345,1.0,6.0
100951,1.0,1.0
1075207,2.0,2.0
442314,1.0,1.0
1236463,1.0,1.0
1290449,2.0,8.0
734298,1.0,1.0
1010141,2.0,1.0
1603789,1.0,1.0
1213612,2.0,1.0
1537542,1.0,1.0
104380,1.0,1.0
1543539,1.0,6.0
1321944,1.0,2.0
686656,1.0,9.0
577097,1.0,1.0
303775,1.0,1.0
77814,1.0,1.0
1553387,2.0,1.0
33158,1.0,1.0
540425,2.0,1.0
673270,2.0,3.0
1479627,1.0,1.0
1096629,2.0,1.0
1228565,2.0,1.0
1144071,2.0,1.0
1339111,2.0,1.0
1438863,2.0,1.0
1437575,2.0,8.0
504628,1.0,2.0
897771,2.0,2.0
736346,1.0,1.0
693576,1.0,1.0
389876,1.0,2.0
7879,2.0,1.0
243293,2.0,6.0
13423,2.0,1.0
330656,2.0,1.0
369475,2.0,1.0
1599645,1.0,6.0
986130,1.0,1.0
1083154,2.0,2.0
33481,2.0,1.0
336522,1.0,8.0
620285,2.0,8.0
442685,2.0,1.0
1597917,2.0,1.0
49573,2.0,1.0
1554573,1.0,1.0
515843,2.0,2.0
1656524,1.0,1.0
736709,2.0,1.0
26939,2.0,1.0
64774,1.0,1.0
990039,1.0,2.0
1309962,1.0,8.0
721228,2.0,1.0
65964,1.0,1.0
1662605,1.0,9.0
1364679,1.0,2.0
977044,2.0,2.0
1627889,2.0,1.0
1203820,2.0,1.0
672639,2.0,1.0
1382292,1.0,1.0
1526778,1.0,2.0
1641892,2.0,1.0
852776,2.0,2.0
1292224,2.0,1.0
1405385,2.0,1.0
1354435,2.0,1.0
762281,1.0,1.0
348825,1.0,2.0
1516443,1.0,1.0
1570012,1.0,1.0
677025,1.0,1.0
22475,1.0,1.0
553059,2.0,1.0
667304,2.0,2.0
12536,1.0,1.0
856752,2.0,1.0
1507582,2.0,1.0
1549209,2.0,9.0
1217591,1.0,1.0
836027,2.0,1.0
14806,1.0,1.0
1662260,2.0,1.0
148835,1.0,1.0
891092,2.0,6.0
1352406,2.0,1.0
936345,1.0,1.0
1217928,1.0,1.0
139676,2.0,1.0
840553,1.0,1.0
990535,1.0,8.0
1416614,2.0,1.0
1568568,2.0,1.0
523844,1.0,1.0
673481,2.0,1.0
1299537,1.0,1.0
1219797,2.0,1.0
1587620,2.0,1.0
1416176,2.0,1.0
26284,2.0,1.0
1479310,2.0,1.0
137982,2.0,6.0
104062,2.0,2.0
1013492,1.0,1.0
1283628,1.0,1.0
456352,2.0,1.0
142958,1.0,1.0
1256426,1.0,1.0
1624921,1.0,1.0
1314732,2.0,1.0
472510,1.0,1.0
277856,1.0,1.0
821648,2.0,1.0
1568789,1.0,1.0
345879,2.0,2.0
916172,1.0,2.0
213464,1.0,1.0
964878,1.0,3.0
34334,1.0,2.0
703715,2.0,1.0
801352,2.0,1.0
137214,2.0,1.0
1645738,2.0,1.0
1059777,1.0,1.0
801268,1.0,1.0
405753,2.0,1.0
607141,2.0,1.0
408975,1.0,1.0
1560136,2.0,1.0
1043740,2.0,1.0
315563,1.0,1.0
349861,2.0,1.0
691796,1.0,1.0
1354086,1.0,1.0
507370,2.0,1.0
1353049,2.0,1.0
347144,1.0,1.0
1288255,2.0,1.0
165057,2.0,1.0
325057,1.0,9.0
1386746,2.0,8.0
120838,1.0,1.0
914650,1.0,9.0
1142421,2.0,1.0
44559,1.0,1.0
845916,1.0,1.0
1142189,2.0,1.0
371937,2.0,1.0
208466,1.0,8.0
332171,1.0,1.0
24789,1.0,1.0
1570494,1.0,2.0
876533,2.0,1.0
755637,1.0,1.0
755363,2.0,1.0
1487524,2.0,2.0
920038,1.0,1.0
443046,1.0,1.0
137568,1.0,2.0
1453247,1.0,1.0
549687,1.0,1.0
760687,1.0,1.0
1101066,1.0,8.0
492081,2.0,1.0
693674,1.0,1.0
723764,1.0,1.0
1166239,1.0,1.0
1374759,2.0,2.0
739637,1.0,1.0
929115,2.0,1.0
1532661,1.0,1.0
927530,1.0,1.0
1082893,2.0,1.0
1115176,1.0,1.0
710423,1.0,1.0
153598,1.0,8.0
1631930,1.0,1.0
1107794,2.0,5.0
27713,2.0,1.0
1395658,2.0,1.0
1058184,2.0,2.0
1392740,1.0,1.0
175222,1.0,2.0
125292,2.0,1.0
151229,1.0,1.0
937270,1.0,1.0
1362493,2.0,1.0
566631,2.0,1.0
703991,2.0,1.0
1353401,2.0,1.0
1068768,1.0,1.0
1201960,1.0,1.0
1248376,2.0,1.0
1478561,1.0,1.0
1143273,1.0,1.0
1401982,1.0,1.0
301978,1.0,2.0
1242575,1.0,1.0
186642,2.0,1.0
579573,2.0,1.0
23193,1.0,1.0
1537626,1.0,1.0
108545,1.0,9.0
660184,2.0,1.0
520690,2.0,8.0
34004,1.0,1.0
272100,1.0,1.0
1333096,1.0,1.0
1097875,1.0,1.0
994976,1.0,1.0
970568,2.0,1.0
1005684,2.0,1.0
348186,1.0,1.0
1118531,2.0,1.0
196102,1.0,1.0
327015,2.0,1.0
159267,1.0,1.0
1046145,1.0,2.0
1568168,2.0,1.0
203904,1.0,1.0
1350759,2.0,1.0
1403442,2.0,1.0
840190,1.0,1.0
310613,1.0,1.0
233428,1.0,1.0
989291,2.0,1.0
1162486,2.0,1.0
153276,2.0,1.0
344376,1.0,1.0
676392,2.0,6.0
1280741,1.0,1.0
288079,1.0,2.0
776105,1.0,1.0
1177981,1.0,1.0
555449,1.0,1.0
771127,2.0,2.0
1444766,1.0,2.0
1645124,2.0,2.0
585246,1.0,1.0
4493,1.0,1.0
363988,2.0,1.0
99626,2.0,1.0
331391,2.0,1.0
309748,1.0,1.0
250952,2.0,8.0
1284737,2.0,2.0
243760,2.0,1.0
1585479,2.0,2.0
178886,2.0,6.0
557136,1.0,1.0
1460224,2.0,6.0
1520842,1.0,1.0
1213563,2.0,1.0
719615,1.0,1.0
1526038,2.0,1.0
650622,1.0,2.0
1248138,1.0,1.0
351786,1.0,1.0
1406574,2.0,1.0
776590,1.0,1.0
523922,1.0,1.0
1554781,2.0,1.0
381676,2.0,1.0
709214,2.0,1.0
465157,2.0,2.0
1121561,1.0,1.0
1656236,2.0,1.0
922324,2.0,1.0
425578,1.0,8.0
726033,1.0,6.0
684598,2.0,2.0
460000,1.0,6.0
518977,1.0,1.0
1606269,1.0,1.0
1119902,2.0,1.0
1064480,2.0,1.0
601353,2.0,1.0
1467700,1.0,1.0
182182,2.0,1.0
186894,1.0,1.0
445007,1.0,9.0
543849,1.0,1.0
518671,2.0,1.0
682090,2.0,1.0
196717,1.0,8.0
622129,2.0,1.0
52778,1.0,1.0
13005,1.0,2.0
1591978,1.0,1.0
1445573,2.0,8.0
996138,2.0,1.0
1300742,1.0,1.0
1270050,2.0,2.0
1087719,2.0,1.0
718950,1.0,1.0
1632819,2.0,1.0
1386134,1.0,1.0
654957,2.0,6.0
422252,2.0,1.0
83886,1.0,1.0
976132,2.0,2.0
955382,1.0,1.0
843836,1.0,2.0
525752,2.0,1.0
686973,2.0,1.0
1255069,1.0,1.0
1226792,2.0,1.0
475470,1.0,6.0
608117,2.0,1.0
220904,1.0,1.0
1530208,2.0,1.0
482661,1.0,1.0
315549,1.0,1.0
650398,1.0,1.0
674680,1.0,1.0
594726,2.0,1.0
188609,1.0,1.0
352784,1.0,2.0
1220266,2.0,1.0
1165673,1.0,1.0
1187311,2.0,1.0
159459,1.0,1.0
176471,1.0,1.0
1653865,1.0,1.0
1593773,2.0,1.0
1417229,1.0,1.0
659799,1.0,1.0
1233087,1.0,1.0
314639,1.0,1.0
1603342,2.0,1.0
648149,2.0,2.0
1340996,2.0,1.0
715507,1.0,2.0
944209,2.0,1.0
1319089,1.0,1.0
226171,1.0,1.0
1429906,1.0,1.0
507810,2.0,1.0
1351744,2.0,1.0
982176,2.0,1.0
1166801,2.0,1.0
434993,2.0,1.0
1514041,1.0,1.0
919308,1.0,9.0
148734,2.0,2.0
243416,1.0,6.0
1167237,1.0,1.0
1495101,1.0,1.0
361542,2.0,8.0
558870,1.0,1.0
1199458,2.0,1.0
941978,1.0,1.0
1002711,1.0,1.0
1330430,1.0,6.0
1173772,2.0,1.0
1179523,1.0,6.0
514274,2.0,1.0
1318168,2.0,1.0
1642560,1.0,1.0
255597,2.0,1.0
856950,2.0,1.0
665099,1.0,1.0
594118,2.0,1.0
874778,1.0,1.0
106789,1.0,1.0
440251,1.0,1.0
1648878,1.0,1.0
147508,2.0,1.0
271921,1.0,1.0
874212,2.0,1.0
520272,1.0,1.0
96141,1.0,9.0
625633,1.0,1.0
860927,2.0,1.0
792875,1.0,1.0
262755,2.0,6.0
331898,2.0,1.0
1377203,2.0,1.0
1237485,1.0,1.0
1194771,2.0,1.0
154113,1.0,1.0
686765,1.0,1.0
435596,2.0,2.0
1584165,2.0,1.0
247065,2.0,1.0
570060,1.0,1.0
860586,2.0,1.0
361860,1.0,1.0
241509,2.0,1.0
1179567,1.0,1.0
248478,1.0,1.0
610455,1.0,9.0
1441420,1.0,1.0
428263,2.0,1.0
575336,2.0,2.0
1611583,1.0,1.0
469331,1.0,1.0
1007313,1.0,1.0
1420697,2.0,1.0
330159,2.0,1.0
614608,1.0,1.0
1126313,1.0,1.0
388058,1.0,1.0
419425,2.0,1.0
84074,2.0,1.0
731086,2.0,1.0
1004680,2.0,1.0
1040478,2.0,1.0
736602,2.0,1.0
916409,2.0,1.0
343400,1.0,1.0
1527930,2.0,2.0
1095827,1.0,1.0
1336820,2.0,1.0
1464845,1.0,8.0
502680,1.0,1.0
414012,2.0,1.0
723362,1.0,1.0
905431,1.0,6.0
1081326,1.0,1.0
52597,2.0,1.0
525300,2.0,1.0
451563,2.0,1.0
172453,1.0,6.0
605769,2.0,1.0
87658,2.0,1.0
1420807,1.0,1.0
150707,2.0,1.0
809476,2.0,1.0
622965,1.0,2.0
1568295,2.0,1.0
1041149,2.0,1.0
246053,1.0,7.0
174726,1.0,1.0
555463,1.0,1.0
849918,2.0,1.0
150146,2.0,6.0
571764,1.0,1.0
872986,2.0,1.0
32944,1.0,1.0
1060873,2.0,1.0
1472079,1.0,1.0
1430448,1.0,1.0
227859,1.0,6.0
1345625,1.0,1.0
187391,2.0,1.0
1223425,1.0,1.0
652484,2.0,1.0
295480,2.0,1.0
641808,2.0,1.0
697998,1.0,2.0
1240172,2.0,1.0
305518,1.0,8.0
820244,2.0,1.0
660542,2.0,1.0
1475190,2.0,1.0
1086019,2.0,9.0
812192,1.0,1.0
197156,2.0,1.0
1344607,2.0,1.0
1437329,2.0,1.0
193992,2.0,9.0
1332256,2.0,1.0
555778,2.0,1.0
1051481,2.0,1.0
964671,1.0,1.0
924780,2.0,1.0
1597362,1.0,2.0
488985,1.0,1.0
71035,1.0,1.0
1088360,1.0,1.0
375158,1.0,1.0
565078,1.0,1.0
918411,1.0,1.0
1183966,2.0,1.0
743685,2.0,1.0
990300,2.0,1.0
114320,1.0,1.0
486634,1.0,2.0
1608821,1.0,3.0
1160607,1.0,1.0
956106,2.0,1.0
60375,1.0,1.0
1276893,1.0,1.0
144803,1.0,1.0
823491,2.0,1.0
1129845,2.0,1.0
344660,2.0,1.0
1275279,2.0,1.0
933156,1.0,1.0
897895,2.0,1.0
376827,2.0,2.0
1492242,1.0,1.0
741991,1.0,1.0
546021,1.0,1.0
409907,2.0,2.0
1307944,2.0,1.0
91678,2.0,1.0
936050,1.0,1.0
60397,2.0,1.0
1081002,1.0,2.0
386419,2.0,1.0
233629,2.0,8.0
315223,2.0,1.0
852321,1.0,1.0
1091748,2.0,1.0
124844,1.0,6.0
698990,2.0,1.0
1295168,1.0,1.0
603102,1.0,1.0
786815,1.0,1.0
1527675,1.0,1.0
225680,2.0,1.0
1084473,1.0,1.0
1219259,2.0,1.0
1136035,2.0,1.0
586445,2.0,1.0
1400922,1.0,1.0
1662712,1.0,2.0
1169727,1.0,1.0
1400191,2.0,1.0
1285313,2.0,1.0
1312575,2.0,2.0
1399003,2.0,1.0
1279986,2.0,1.0
1154918,2.0,1.0
1333512,2.0,1.0
280499,1.0,1.0
1221538,2.0,1.0
255648,1.0,1.0
105928,2.0,1.0
1252178,1.0,1.0
923457,1.0,9.0
939607,1.0,1.0
148095,2.0,1.0
1256693,1.0,6.0
1252024,2.0,1.0
1348689,2.0,1.0
960897,1.0,1.0
1330473,2.0,2.0
20556,1.0,1.0
66286,1.0,1.0
1323052,1.0,1.0
512720,1.0,1.0
1595490,1.0,8.0
1450767,1.0,1.0
206125,2.0,5.0
1283059,2.0,2.0
273962,2.0,9.0
1530949,2.0,6.0
1643515,1.0,1.0
176564,1.0,6.0
335893,1.0,1.0
941937,1.0,6.0
973492,1.0,8.0
1263844,2.0,1.0
1289610,1.0,1.0
316502,2.0,8.0
503253,1.0,1.0
1160388,1.0,1.0
1199777,1.0,1.0
622411,1.0,1.0
197629,2.0,1.0
437218,1.0,8.0
1333030,2.0,1.0
785634,2.0,1.0
1205994,1.0,1.0
1403872,1.0,1.0
368840,2.0,1.0
1239925,2.0,1.0
742222,1.0,1.0
1418308,1.0,2.0
501423,2.0,1.0
19194,1.0,1.0
441830,2.0,1.0
773631,2.0,1.0
164802,1.0,1.0
1492301,1.0,2.0
426894,1.0,1.0
1135060,2.0,1.0
1412295,2.0,1.0
1620324,2.0,1.0
1390535,1.0,1.0
793860,1.0,1.0
935799,2.0,1.0
1405208,1.0,1.0
1284115,2.0,1.0
1125302,2.0,1.0
1429747,2.0,6.0
661399,1.0,1.0
572870,2.0,1.0
896761,2.0,2.0
438008,2.0,2.0
435056,2.0,2.0
1178006,1.0,1.0
814516,1.0,1.0
1108835,2.0,1.0
593265,1.0,1.0
10048,1.0,2.0
1477080,1.0,1.0
122170,1.0,1.0
847503,1.0,1.0
858478,2.0,2.0
653802,2.0,1.0
167932,2.0,1.0
1252102,1.0,9.0
414510,2.0,1.0
1528592,1.0,1.0
274912,2.0,9.0
235774,2.0,6.0
864024,1.0,1.0
922762,1.0,6.0
1330381,2.0,1.0
1351986,1.0,1.0
408411,2.0,1.0
738455,2.0,1.0
1359842,2.0,1.0
229256,2.0,1.0
1455312,2.0,1.0
784636,2.0,1.0
1482695,2.0,1.0
752136,1.0,1.0
1485265,2.0,1.0
1092132,2.0,2.0
1654514,1.0,1.0
738630,1.0,1.0
1248475,2.0,1.0
531530,2.0,1.0
1012413,2.0,8.0
965142,2.0,1.0
165876,1.0,1.0
689849,2.0,6.0
1246829,1.0,1.0
977094,2.0,2.0
762758,1.0,1.0
1200832,1.0,1.0
1192172,1.0,9.0
283571,2.0,1.0
687599,1.0,6.0
916510,2.0,2.0
1330522,1.0,1.0
1500858,1.0,1.0
1233038,1.0,1.0
286590,2.0,1.0
742872,2.0,2.0
23384,2.0,6.0
1267936,1.0,1.0
454612,1.0,1.0
583382,2.0,1.0
1036536,1.0,1.0
1125592,2.0,1.0
1173397,2.0,1.0
1431605,1.0,1.0
777299,2.0,1.0
282135,1.0,2.0
1338600,2.0,1.0
1006803,1.0,1.0
1580768,2.0,1.0
271820,1.0,1.0
757539,1.0,1.0
847352,1.0,1.0
96561,2.0,6.0
1013357,1.0,1.0
507327,2.0,1.0
1446975,1.0,1.0
1406510,1.0,1.0
1042770,2.0,1.0
557984,1.0,2.0
720070,1.0,1.0
1400607,1.0,1.0
1354485,2.0,1.0
1459209,1.0,9.0
477702,1.0,6.0
874414,2.0,1.0
1625871,1.0,1.0
1256637,2.0,1.0
916053,1.0,8.0
746594,2.0,1.0
883841,1.0,1.0
1423902,2.0,1.0
133251,2.0,6.0
915714,2.0,2.0
1541716,2.0,1.0
762575,1.0,8.0
670699,2.0,1.0
1227700,2.0,1.0
97015,2.0,1.0
1626387,2.0,1.0
1653672,2.0,1.0
1581601,2.0,9.0
13901,1.0,1.0
574950,1.0,1.0
1525756,1.0,1.0
1503505,2.0,1.0
395655,2.0,1.0
164084,2.0,6.0
1164694,2.0,1.0
1228202,1.0,1.0
888111,2.0,1.0
1044879,2.0,1.0
658330,1.0,2.0
1132286,1.0,1.0
297546,2.0,1.0
886174,1.0,1.0
54563,1.0,1.0
1301247,2.0,1.0
76957,2.0,1.0
967682,2.0,9.0
436147,1.0,1.0
478146,1.0,6.0
587336,2.0,1.0
1012620,1.0,1.0
948141,1.0,1.0
1569634,1.0,2.0
171385,1.0,1.0
692718,1.0,6.0
933154,1.0,6.0
1478428,2.0,1.0
132628,2.0,1.0
104738,2.0,8.0
883308,1.0,1.0
920984,2.0,1.0
1298930,2.0,1.0
194819,1.0,6.0
1504725,2.0,2.0
594856,1.0,1.0
992760,2.0,1.0
517345,2.0,1.0
1080682,1.0,1.0
125146,1.0,1.0
949973,1.0,1.0
1008544,1.0,9.0
1460086,2.0,6.0
1527208,1.0,1.0
156412,1.0,1.0
1653350,1.0,1.0
1263681,1.0,1.0
622353,1.0,1.0
614773,2.0,1.0
1177769,2.0,1.0
1628376,1.0,2.0
1045005,1.0,1.0
658140,1.0,2.0
219612,2.0,1.0
838866,2.0,2.0
1286716,1.0,1.0
353317,1.0,1.0
1024676,1.0,1.0
805451,2.0,1.0
143505,2.0,1.0
437891,2.0,1.0
645614,2.0,1.0
1275949,1.0,1.0
1536549,1.0,2.0
1630301,1.0,1.0
763997,1.0,1.0
1022684,1.0,6.0
1189040,1.0,9.0
316738,2.0,1.0
207494,2.0,1.0
367008,1.0,2.0
1333670,2.0,1.0
773376,2.0,1.0
1621805,2.0,1.0
319156,1.0,2.0
1195214,2.0,1.0
359492,1.0,1.0
1143576,2.0,1.0
361844,2.0,1.0
1277686,1.0,1.0
865392,2.0,1.0
1196208,2.0,8.0
542536,1.0,1.0
250210,2.0,6.0
814747,1.0,1.0
1058624,2.0,1.0
1028269,1.0,1.0
215280,2.0,1.0
1507045,1.0,1.0
1352613,2.0,2.0
150817,1.0,1.0
1389987,1.0,6.0
395190,1.0,1.0
157177,2.0,6.0
35286,2.0,1.0
836873,1.0,1.0
663460,1.0,1.0
1631013,1.0,1.0
104742,1.0,8.0
441023,2.0,1.0
1358554,1.0,2.0
46321,1.0,2.0
890328,2.0,1.0
634289,1.0,1.0
1238365,2.0,1.0
1182824,2.0,1.0
626176,1.0,2.0
1472989,1.0,1.0
1591818,1.0,1.0
157257,1.0,9.0
975507,2.0,1.0
1793,1.0,1.0
151625,2.0,1.0
169889,2.0,1.0
182564,2.0,1.0
213210,1.0,1.0
905486,2.0,2.0
671315,2.0,1.0
798683,2.0,1.0
436464,2.0,1.0
1297081,1.0,3.0
94226,2.0,1.0
969867,1.0,1.0
1170399,1.0,1.0
912280,1.0,1.0
252849,1.0,2.0
262219,2.0,1.0
110783,2.0,6.0
108350,2.0,1.0
483187,2.0,1.0
1108041,1.0,1.0
194695,1.0,1.0
22282,1.0,4.0
348345,2.0,1.0
1017101,2.0,1.0
1555956,1.0,1.0
1180392,2.0,1.0
1611551,2.0,1.0
1232801,2.0,1.0
1292534,1.0,1.0
1612379,2.0,1.0
1484575,1.0,1.0
812539,1.0,1.0
896303,1.0,1.0
870815,1.0,2.0
60395,1.0,1.0
845378,2.0,1.0
557650,1.0,1.0
379456,1.0,6.0
751932,1.0,1.0
1517912,1.0,1.0
202468,2.0,1.0
1482760,1.0,1.0
145125,1.0,1.0
1486126,2.0,1.0
1567856,1.0,1.0
718580,1.0,1.0
676877,1.0,1.0
537480,1.0,1.0
63429,1.0,1.0
759042,1.0,6.0
50455,1.0,1.0
1033321,1.0,9.0
1101050,2.0,1.0
1157373,2.0,1.0
1130178,1.0,1.0
851983,2.0,1.0
974108,1.0,1.0
969362,2.0,1.0
586336,2.0,1.0
609216,1.0,1.0
1647326,2.0,1.0
1351900,1.0,1.0
1058082,1.0,1.0
598668,2.0,1.0
541134,2.0,1.0
1587541,1.0,9.0
837687,2.0,1.0
53441,1.0,1.0
1478989,2.0,1.0
1133697,2.0,2.0
523280,1.0,1.0
238878,2.0,1.0
1482580,1.0,1.0
110929,1.0,1.0
496925,1.0,1.0
165588,2.0,1.0
970883,2.0,1.0
883069,1.0,1.0
683513,1.0,1.0
1541289,2.0,1.0
1355599,2.0,1.0
870739,1.0,1.0
868490,1.0,1.0
256169,1.0,8.0
1608028,2.0,1.0
478583,1.0,1.0
893740,1.0,2.0
1517185,2.0,1.0
1221625,2.0,1.0
1635722,1.0,1.0
436056,2.0,2.0
406322,1.0,1.0
182956,1.0,1.0
693651,1.0,8.0
548356,1.0,1.0
1538029,1.0,1.0
91796,2.0,8.0
1345812,2.0,2.0
1179288,1.0,1.0
128613,2.0,1.0
1629124,1.0,1.0
683250,1.0,2.0
1416150,1.0,1.0
1096176,1.0,2.0
165793,1.0,1.0
398310,1.0,1.0
566702,2.0,1.0
1649245,1.0,1.0
771678,1.0,1.0
1068943,2.0,1.0
206972,2.0,1.0
184388,1.0,1.0
1306799,1.0,1.0
1029906,2.0,8.0
284236,1.0,1.0
866856,2.0,1.0
841925,1.0,1.0
649304,1.0,2.0
724988,1.0,1.0
969978,2.0,3.0
1271383,2.0,1.0
1589750,2.0,1.0
190151,1.0,6.0
947363,2.0,1.0
1587680,2.0,1.0
1284858,2.0,2.0
1289599,2.0,1.0
1426091,2.0,6.0
1064788,1.0,1.0
799385,2.0,1.0
1121522,1.0,1.0
767220,1.0,1.0
1264714,1.0,1.0
1530769,2.0,1.0
196054,2.0,6.0
901702,2.0,1.0
1459953,1.0,6.0
1261209,2.0,1.0
1160602,2.0,1.0
1186624,1.0,1.0
1069803,2.0,6.0
1238100,1.0,1.0
925741,1.0,6.0
517192,1.0,1.0
1161649,2.0,1.0
1052477,1.0,1.0
943676,1.0,1.0
1159121,1.0,1.0
214390,1.0,1.0
1590080,2.0,1.0
1348669,1.0,1.0
643751,1.0,1.0
1589591,1.0,1.0
270948,2.0,1.0
1644041,2.0,1.0
295083,1.0,1.0
1347584,2.0,1.0
1092696,2.0,1.0
1549264,1.0,1.0
1189695,2.0,1.0
1497989,2.0,6.0
521683,2.0,1.0
334865,2.0,1.0
1139370,2.0,1.0
1645839,1.0,1.0
958406,1.0,1.0
794657,2.0,2.0
570592,2.0,1.0
706917,1.0,2.0
728147,1.0,1.0
329397,2.0,1.0
1264302,2.0,1.0
740909,1.0,1.0
1301422,1.0,9.0
1332592,2.0,1.0
1567642,2.0,1.0
519745,2.0,1.0
1198487,2.0,1.0
1134539,2.0,1.0
757366,2.0,1.0
1012314,2.0,2.0
841748,2.0,2.0
1185763,1.0,1.0
917319,1.0,8.0
433688,2.0,1.0
254898,2.0,9.0
133678,1.0,1.0
1081297,1.0,2.0
537577,1.0,1.0
300758,2.0,1.0
1555541,1.0,1.0
1178992,1.0,2.0
679602,2.0,1.0
986351,1.0,1.0
468074,1.0,1.0
1325689,1.0,1.0
705345,2.0,6.0
141347,1.0,1.0
89933,1.0,1.0
856924,2.0,1.0
1569709,1.0,1.0
1198948,2.0,1.0
988032,1.0,1.0
532108,1.0,1.0
1543486,2.0,1.0
53525,1.0,1.0
422163,1.0,1.0
1016201,2.0,6.0
307052,2.0,1.0
32972,1.0,8.0
498732,2.0,1.0
702266,2.0,1.0
649537,2.0,2.0
6750,1.0,1.0
597070,2.0,1.0
475447,2.0,1.0
1056236,2.0,2.0
446063,2.0,8.0
1587132,1.0,6.0
1427729,1.0,1.0
864019,2.0,1.0
922211,2.0,1.0
580765,2.0,1.0
1577953,1.0,1.0
1427585,1.0,1.0
49637,2.0,1.0
1011696,1.0,1.0
325728,2.0,1.0
1304039,1.0,2.0
1604040,1.0,1.0
972160,1.0,2.0
519043,2.0,8.0
883788,1.0,1.0
554172,1.0,1.0
854523,1.0,1.0
1150883,1.0,1.0
351555,2.0,1.0
1502884,1.0,1.0
1332032,2.0,1.0
206170,1.0,1.0
134519,1.0,8.0
83345,1.0,6.0
242661,1.0,1.0
802836,1.0,1.0
575440,1.0,1.0
573870,1.0,1.0
922093,1.0,1.0
1171733,1.0,1.0
117688,2.0,1.0
776733,2.0,1.0
1640442,2.0,1.0
953710,2.0,2.0
1545188,1.0,1.0
446285,2.0,1.0
956340,2.0,1.0
1411177,2.0,1.0
1493048,2.0,1.0
507501,1.0,1.0
977082,1.0,2.0
570437,2.0,1.0
28845,1.0,1.0
563715,2.0,1.0
1035081,2.0,1.0
131096,2.0,1.0
685000,2.0,6.0
340811,2.0,1.0
1069098,1.0,1.0
1594888,2.0,1.0
442489,2.0,1.0
491884,1.0,2.0
1415178,2.0,1.0
990462,2.0,1.0
1589956,1.0,9.0
666662,2.0,1.0
1097391,1.0,1.0
1437336,1.0,1.0
943035,2.0,6.0
433313,1.0,8.0
1004502,1.0,1.0
1293581,1.0,1.0
646268,2.0,1.0
1409825,2.0,1.0
997897,1.0,1.0
481716,2.0,8.0
542320,1.0,1.0
1009177,1.0,1.0
1562119,1.0,2.0
987572,2.0,1.0
34741,1.0,1.0
1163228,1.0,1.0
1581963,2.0,1.0
154056,1.0,9.0
1415698,2.0,1.0
1286158,1.0,1.0
1136128,2.0,1.0
1282424,2.0,1.0
954796,2.0,1.0
1232655,1.0,2.0
1153279,2.0,1.0
905778,2.0,2.0
1374327,1.0,8.0
701975,2.0,1.0
1057176,2.0,1.0
500496,1.0,1.0
36033,2.0,1.0
287927,2.0,1.0
1215431,2.0,1.0
1619151,2.0,1.0
1662447,2.0,1.0
923302,2.0,1.0
718903,2.0,1.0
898588,1.0,1.0
883640,1.0,1.0
954541,2.0,2.0
1099602,1.0,6.0
178873,2.0,6.0
1010269,1.0,2.0
331045,2.0,1.0
1308964,2.0,1.0
730590,1.0,1.0
1624821,1.0,1.0
1629691,1.0,1.0
1310823,2.0,1.0
1392776,2.0,1.0
1387365,1.0,1.0
439136,1.0,2.0
782187,1.0,1.0
1565643,2.0,1.0
1133226,2.0,1.0
376933,2.0,2.0
553107,2.0,2.0
535950,1.0,1.0
971647,2.0,1.0
60559,2.0,1.0
140170,2.0,6.0
811309,1.0,1.0
1341024,2.0,1.0
1555379,2.0,2.0
482251,2.0,1.0
165944,1.0,1.0
416528,1.0,1.0
1481371,1.0,1.0
1120969,2.0,1.0
1629329,2.0,1.0
96454,1.0,1.0
437136,2.0,1.0
549889,1.0,1.0
166589,2.0,1.0
1441664,2.0,1.0
1631673,1.0,1.0
603702,1.0,1.0
1465089,2.0,1.0
848183,2.0,1.0
1108758,2.0,1.0
655972,1.0,1.0
340373,1.0,2.0
311167,1.0,1.0
956897,2.0,1.0
1543321,1.0,1.0
215589,2.0,1.0
1308491,2.0,2.0
63988,1.0,2.0
75220,2.0,1.0
1417775,1.0,1.0
1325427,2.0,1.0
600148,1.0,1.0
1175947,1.0,1.0
1054030,2.0,8.0
1201931,2.0,1.0
1454469,1.0,1.0
393849,2.0,1.0
539525,1.0,1.0
870961,2.0,1.0
655598,2.0,2.0
620486,2.0,1.0
149970,2.0,6.0
1433682,2.0,1.0
1324592,1.0,1.0
747716,2.0,1.0
1593371,2.0,1.0
1343651,2.0,2.0
121163,2.0,1.0
1074650,1.0,2.0
165530,1.0,1.0
1055438,1.0,1.0
797142,2.0,6.0
1476628,1.0,1.0
1453155,2.0,1.0
832137,1.0,2.0
890376,1.0,1.0
446125,1.0,1.0
1117440,1.0,1.0
869175,1.0,1.0
930951,1.0,1.0
1202298,1.0,1.0
1527689,2.0,1.0
273695,2.0,1.0
1030004,2.0,5.0
100913,1.0,1.0
976316,1.0,1.0
1584122,2.0,1.0
405695,2.0,6.0
1599449,2.0,9.0
1210558,2.0,1.0
352295,1.0,1.0
180725,1.0,1.0
248902,2.0,3.0
1372183,2.0,1.0
411945,1.0,1.0
1640799,2.0,1.0
266359,2.0,6.0
53703,1.0,1.0
625779,2.0,1.0
1295738,2.0,1.0
853361,1.0,1.0
7870,2.0,1.0
1504251,1.0,1.0
338408,2.0,8.0
119474,2.0,1.0
695497,1.0,1.0
6330,1.0,1.0
500765,1.0,6.0
1335527,1.0,1.0
403385,2.0,1.0
379422,1.0,6.0
1040298,2.0,1.0
115907,2.0,6.0
1045700,1.0,1.0
1068570,1.0,2.0
842486,1.0,1.0
1196816,1.0,1.0
18908,2.0,1.0
701746,2.0,2.0
1615183,1.0,1.0
352759,2.0,6.0
968911,2.0,1.0
282000,1.0,1.0
1251410,2.0,1.0
799916,1.0,1.0
918002,1.0,1.0
126995,2.0,1.0
750307,1.0,2.0
1210321,2.0,1.0
212108,2.0,8.0
671547,1.0,1.0
928810,2.0,1.0
252305,1.0,1.0
896595,1.0,6.0
1409539,1.0,9.0
812377,2.0,1.0
1309210,1.0,1.0
897876,2.0,2.0
896778,1.0,1.0
275426,2.0,1.0
1324406,2.0,1.0
792020,1.0,1.0
712870,2.0,1.0
815008,2.0,1.0
1108939,2.0,2.0
1232167,1.0,1.0
1577645,1.0,1.0
400375,1.0,1.0
1540144,2.0,2.0
1237603,2.0,1.0
1569318,2.0,2.0
820452,2.0,1.0
417893,2.0,1.0
861570,1.0,1.0
1594357,1.0,1.0
236280,1.0,6.0
224653,2.0,1.0
1309180,2.0,1.0
9101,2.0,1.0
28366,2.0,8.0
1109278,1.0,1.0
1093835,1.0,9.0
594725,1.0,1.0
488659,2.0,1.0
1062191,2.0,1.0
1600707,2.0,1.0
1268940,1.0,1.0
79712,1.0,8.0
80209,2.0,1.0
478538,1.0,1.0
1537804,1.0,1.0
87246,2.0,1.0
1076031,1.0,1.0
163395,1.0,8.0
690167,1.0,6.0
655568,1.0,1.0
579892,1.0,1.0
86834,1.0,1.0
378931,2.0,1.0
1638894,1.0,1.0
208358,1.0,6.0
1346985,2.0,6.0
705381,2.0,1.0
247223,2.0,6.0
61576,1.0,1.0
1545524,2.0,1.0
934768,2.0,6.0
977291,2.0,1.0
665075,1.0,2.0
391717,2.0,1.0
1149189,1.0,1.0
764938,2.0,1.0
1529442,2.0,1.0
561636,2.0,1.0
306425,2.0,1.0
1652534,1.0,1.0
21519,1.0,1.0
1094326,1.0,1.0
1200181,1.0,1.0
1446445,1.0,6.0
1141428,2.0,2.0
571970,1.0,1.0
1003272,2.0,1.0
1332913,1.0,1.0
641831,1.0,1.0
1303834,1.0,1.0
770550,1.0,1.0
739796,1.0,1.0
1480128,1.0,1.0
1459427,1.0,1.0
1417706,1.0,1.0
484629,1.0,1.0
1639254,1.0,8.0
1417655,2.0,1.0
363412,1.0,1.0
1408455,2.0,1.0
228515,1.0,1.0
645953,2.0,1.0
580870,2.0,1.0
1104966,1.0,1.0
1597513,2.0,1.0
445904,2.0,1.0
132504,1.0,6.0
858917,1.0,1.0
181614,1.0,6.0
66676,2.0,1.0
174612,1.0,8.0
1599173,1.0,1.0
1143496,2.0,1.0
1137056,1.0,1.0
201036,1.0,1.0
611779,1.0,1.0
1413187,2.0,2.0
601374,1.0,1.0
1227527,1.0,1.0
766490,1.0,1.0
353774,1.0,8.0
269229,1.0,1.0
194011,1.0,1.0
1125668,2.0,1.0
805281,1.0,1.0
645532,1.0,1.0
1153367,2.0,1.0
1367276,1.0,1.0
1506693,2.0,1.0
396324,1.0,1.0
456617,2.0,2.0
104571,1.0,1.0
461910,1.0,1.0
97483,2.0,6.0
443355,1.0,6.0
1628458,2.0,1.0
673023,2.0,1.0
1385202,1.0,3.0
303405,2.0,1.0
1049703,1.0,1.0
1551632,1.0,1.0
1582761,2.0,1.0
1042243,1.0,1.0
891789,2.0,9.0
524192,2.0,6.0
582980,2.0,1.0
141478,2.0,1.0
1275355,2.0,1.0
65143,1.0,1.0
1118547,1.0,1.0
917139,1.0,1.0
896152,2.0,1.0
1242821,2.0,1.0
1172830,2.0,1.0
836774,1.0,1.0
1421443,1.0,1.0
703691,2.0,2.0
1383078,1.0,1.0
964330,1.0,1.0
1324816,1.0,2.0
313231,1.0,1.0
1234311,2.0,1.0
519985,1.0,8.0
549474,2.0,1.0
518496,2.0,2.0
1064062,2.0,1.0
1176968,1.0,1.0
326673,2.0,1.0
1354755,2.0,1.0
1449931,1.0,1.0
548036,1.0,1.0
1473785,2.0,1.0
346211,1.0,1.0
1107873,1.0,2.0
1114967,2.0,6.0
1582373,1.0,1.0
256765,1.0,1.0
1423853,2.0,1.0
47465,2.0,1.0
1338441,1.0,1.0
1423497,2.0,1.0
284776,1.0,1.0
50194,2.0,1.0
18024,1.0,1.0
1434392,2.0,1.0
1067763,2.0,1.0
912986,1.0,1.0
412324,2.0,1.0
680144,2.0,2.0
178768,2.0,2.0
605732,2.0,1.0
253190,1.0,1.0
1603572,1.0,2.0
993545,1.0,1.0
1164505,1.0,1.0
347750,2.0,1.0
1005270,1.0,1.0
1024432,1.0,1.0
247893,1.0,8.0
1432056,2.0,1.0
1577111,1.0,1.0
409082,2.0,1.0
220511,1.0,8.0
188862,1.0,1.0
1531800,1.0,1.0
10111,2.0,1.0
356339,1.0,1.0
1494646,2.0,6.0
938463,2.0,1.0
480435,1.0,6.0
466462,2.0,1.0
340430,1.0,1.0
41572,2.0,1.0
439087,2.0,2.0
771926,2.0,1.0
715876,1.0,1.0
1041806,1.0,6.0
229542,1.0,1.0
1661492,1.0,1.0
618516,2.0,6.0
907220,2.0,1.0
859477,1.0,1.0
558679,1.0,1.0
1017838,2.0,1.0
670920,2.0,1.0
914579,1.0,2.0
1147081,2.0,1.0
1195390,2.0,1.0
1437093,1.0,9.0
693683,1.0,8.0
486002,1.0,1.0
1001421,1.0,1.0
1565529,2.0,1.0
633264,1.0,2.0
734486,2.0,1.0
708248,1.0,1.0
1204616,1.0,2.0
1602134,2.0,8.0
1202484,2.0,3.0
965441,2.0,8.0
333363,2.0,1.0
1043343,1.0,1.0
335231,1.0,1.0
491474,1.0,1.0
861893,2.0,1.0
588634,1.0,1.0
347720,1.0,1.0
1574485,1.0,1.0
779732,2.0,1.0
1190538,1.0,1.0
370421,1.0,1.0
772216,2.0,1.0
1587329,2.0,1.0
1615892,2.0,1.0
849304,2.0,1.0
1504673,1.0,1.0
685636,1.0,1.0
888094,1.0,1.0
759878,2.0,1.0
797065,2.0,1.0
53154,1.0,1.0
1434483,2.0,1.0
1057857,1.0,1.0
1117141,2.0,1.0
412940,1.0,1.0
1150532,2.0,1.0
1147070,1.0,1.0
636533,1.0,1.0
462904,2.0,2.0
1134122,2.0,1.0
324458,1.0,1.0
510317,2.0,6.0
51519,2.0,1.0
146578,2.0,1.0
1309185,2.0,1.0
1329932,1.0,1.0
1212718,2.0,1.0
343661,1.0,8.0
1249909,2.0,1.0
1313799,2.0,1.0
123084,2.0,1.0
1601712,2.0,1.0
1064587,1.0,1.0
1484368,2.0,1.0
1662427,2.0,2.0
280113,2.0,1.0
1057604,1.0,1.0
1619374,1.0,1.0
1507460,1.0,1.0
899993,2.0,2.0
56432,2.0,1.0
476198,2.0,6.0
402307,2.0,1.0
1578237,2.0,1.0
566803,1.0,1.0
1302711,2.0,1.0
1565321,1.0,1.0
776235,1.0,1.0
1651800,1.0,2.0
153336,1.0,6.0
789568,2.0,1.0
1491561,1.0,1.0
1366788,2.0,1.0
1294259,2.0,1.0
360215,2.0,1.0
1269589,1.0,1.0
1631766,2.0,1.0
329785,2.0,1.0
298874,2.0,1.0
1260521,2.0,8.0
545752,1.0,1.0
1623807,1.0,1.0
971087,1.0,1.0
1083615,1.0,1.0
889287,2.0,1.0
671102,1.0,9.0
483119,1.0,1.0
399818,2.0,2.0
183527,1.0,6.0
186307,2.0,6.0
1572689,2.0,1.0
941752,1.0,1.0
47682,1.0,8.0
1355569,2.0,1.0
1245263,1.0,1.0
979973,2.0,1.0
211423,2.0,6.0
1587089,1.0,1.0
1431060,2.0,1.0
337687,1.0,1.0
877618,2.0,1.0
595751,2.0,1.0
966125,2.0,1.0
1295687,1.0,1.0
598667,1.0,1.0
139420,2.0,1.0
995425,2.0,1.0
893812,1.0,1.0
1015472,2.0,1.0
1601886,2.0,1.0
1353233,1.0,1.0
898723,2.0,6.0
379028,2.0,1.0
867882,1.0,1.0
936564,2.0,1.0
1579366,1.0,2.0
1530818,2.0,2.0
319069,1.0,1.0
1504209,1.0,1.0
1431299,2.0,1.0
765676,1.0,1.0
1647968,2.0,1.0
741412,1.0,1.0
545905,1.0,1.0
1137810,1.0,1.0
1168300,1.0,1.0
1595472,1.0,1.0
1280550,1.0,1.0
245160,2.0,6.0
1318009,1.0,1.0
306777,2.0,1.0
941433,2.0,1.0
402632,1.0,1.0
1032403,1.0,6.0
63357,1.0,1.0
67437,1.0,1.0
173579,2.0,8.0
1491138,1.0,1.0
1528645,1.0,1.0
525051,1.0,1.0
635142,1.0,1.0
794118,1.0,1.0
413821,2.0,1.0
755657,2.0,1.0
1507750,2.0,1.0
788071,1.0,1.0
450766,1.0,1.0
1394411,2.0,1.0
797506,2.0,1.0
1574330,1.0,1.0
266740,2.0,1.0
1487407,2.0,6.0
936639,2.0,2.0
393569,2.0,1.0
1025396,2.0,1.0
382673,1.0,1.0
1194867,1.0,1.0
1458088,2.0,1.0
418778,2.0,1.0
462118,1.0,2.0
1644974,1.0,1.0
827903,2.0,1.0
904077,1.0,1.0
1469641,2.0,1.0
910488,2.0,1.0
1521121,2.0,1.0
1618376,1.0,1.0
1561811,1.0,1.0
245228,2.0,1.0
1174728,1.0,1.0
1361407,1.0,1.0
774997,1.0,1.0
504716,1.0,1.0
122728,1.0,8.0
664538,1.0,2.0
1661401,1.0,1.0
14617,2.0,2.0
347850,1.0,1.0
1279521,1.0,1.0
25226,1.0,1.0
1643272,1.0,1.0
927316,2.0,1.0
693586,2.0,1.0
1556369,2.0,6.0
1208348,1.0,3.0
390326,1.0,1.0
941727,1.0,1.0
1240918,2.0,2.0
613814,1.0,1.0
466837,1.0,1.0
482300,2.0,1.0
1580586,2.0,1.0
1398545,2.0,8.0
1653602,1.0,1.0
453235,1.0,1.0
506926,2.0,1.0
1546255,1.0,1.0
1341737,2.0,1.0
461377,1.0,1.0
1227135,1.0,1.0
534409,2.0,1.0
1063092,1.0,1.0
829207,2.0,1.0
981209,2.0,2.0
691077,2.0,1.0
1339855,2.0,1.0
336354,1.0,1.0
522575,2.0,1.0
563174,1.0,2.0
955581,1.0,1.0
983086,2.0,2.0
768363,2.0,1.0
815794,2.0,1.0
1395366,1.0,6.0
561819,1.0,1.0
732289,1.0,1.0
1598094,2.0,1.0
727487,2.0,1.0
1653151,1.0,1.0
860924,2.0,1.0
1229434,1.0,1.0
1159671,2.0,1.0
181574,2.0,1.0
54771,1.0,8.0
419846,2.0,1.0
36076,2.0,1.0
1391658,1.0,1.0
829792,1.0,1.0
629284,1.0,1.0
1274209,1.0,1.0
1574874,1.0,1.0
305856,2.0,1.0
1395572,1.0,8.0
1358845,1.0,1.0
1017105,1.0,2.0
1104614,1.0,1.0
154500,1.0,1.0
68103,2.0,1.0
273457,2.0,1.0
1594617,1.0,1.0
602430,2.0,1.0
201839,1.0,8.0
989119,1.0,1.0
1532561,1.0,6.0
313169,2.0,1.0
991711,1.0,1.0
263880,2.0,3.0
887831,1.0,1.0
216297,2.0,8.0
650692,2.0,1.0
818905,1.0,1.0
868147,1.0,1.0
1597579,2.0,1.0
317846,2.0,2.0
738499,1.0,1.0
447694,1.0,1.0
474546,1.0,2.0
374103,2.0,1.0
1357314,1.0,1.0
1013088,1.0,1.0
974182,1.0,1.0
1060305,1.0,2.0
973691,2.0,1.0
336187,1.0,1.0
1360842,1.0,1.0
475677,2.0,1.0
601649,1.0,1.0
1082584,2.0,1.0
347762,1.0,1.0
1247852,1.0,1.0
193318,2.0,1.0
1270780,2.0,6.0
817807,1.0,1.0
263202,2.0,1.0
1305562,2.0,1.0
135917,2.0,1.0
1503807,2.0,1.0
1104864,2.0,1.0
897887,2.0,8.0
825685,2.0,1.0
1343225,2.0,2.0
89648,1.0,6.0
1570625,2.0,1.0
505231,2.0,2.0
1527366,1.0,1.0
367973,1.0,1.0
1630490,2.0,1.0
588551,1.0,1.0
1402888,1.0,1.0
703522,2.0,1.0
95826,2.0,1.0
734250,1.0,1.0
537835,2.0,1.0
354344,2.0,1.0
93449,2.0,6.0
254916,1.0,1.0
758012,2.0,1.0
41859,1.0,1.0
2472,2.0,1.0
1184608,2.0,1.0
1032217,2.0,2.0
218313,2.0,6.0
1225064,2.0,1.0
108099,1.0,2.0
962389,2.0,1.0
518318,2.0,1.0
274571,1.0,1.0
833328,1.0,1.0
214518,1.0,1.0
258967,2.0,1.0
1161064,2.0,1.0
472850,2.0,1.0
976621,1.0,2.0
1417937,2.0,1.0
1433473,2.0,1.0
702962,1.0,1.0
826968,2.0,1.0
252802,1.0,1.0
130631,2.0,1.0
506343,1.0,1.0
1444686,2.0,1.0
719049,1.0,1.0
216847,1.0,1.0
1461864,1.0,1.0
367266,1.0,1.0
1354289,2.0,1.0
726450,2.0,1.0
187279,1.0,1.0
747185,2.0,9.0
1151936,2.0,1.0
1632952,1.0,1.0
681806,2.0,1.0
736641,1.0,1.0
163328,1.0,1.0
90203,1.0,1.0
1372995,2.0,1.0
1283507,2.0,1.0
231458,1.0,1.0
1238003,1.0,1.0
1415711,2.0,1.0
470749,2.0,1.0
7969,2.0,1.0
963018,1.0,1.0
427108,2.0,2.0
1081019,1.0,1.0
1280577,1.0,1.0
166613,1.0,1.0
733036,2.0,1.0
1551892,1.0,1.0
1423598,2.0,1.0
1497670,2.0,1.0
602540,2.0,1.0
705397,2.0,1.0
1377473,1.0,1.0
1377422,1.0,1.0
735925,1.0,8.0
407128,2.0,1.0
75541,1.0,1.0
20362,2.0,2.0
1019180,1.0,1.0
1505703,1.0,1.0
189336,2.0,1.0
1059984,1.0,1.0
10790,2.0,1.0
677779,1.0,6.0
1423669,1.0,1.0
294219,1.0,1.0
1397455,2.0,1.0
1231280,1.0,1.0
588548,1.0,1.0
1270611,2.0,1.0
1486476,1.0,8.0
116957,1.0,7.0
957613,2.0,1.0
1561068,1.0,2.0
83385,1.0,8.0
57197,2.0,1.0
614843,2.0,2.0
910351,1.0,1.0
1278018,1.0,1.0
1336880,2.0,1.0
1249261,1.0,1.0
910094,1.0,1.0
425956,1.0,1.0
1484547,2.0,1.0
1599574,1.0,1.0
855321,1.0,1.0
1572857,2.0,1.0
647209,2.0,1.0
1646920,1.0,1.0
340076,2.0,1.0
485250,1.0,1.0
425084,1.0,1.0
369797,1.0,1.0
314625,2.0,1.0
7473,2.0,1.0
1071951,2.0,1.0
846417,2.0,1.0
1590801,1.0,1.0
1044036,2.0,2.0
1374967,1.0,2.0
449803,1.0,1.0
687540,2.0,6.0
237209,2.0,1.0
647645,2.0,1.0
535236,1.0,1.0
28926,1.0,1.0
857583,2.0,1.0
525726,2.0,1.0
1568630,2.0,1.0
1243000,1.0,1.0
1483422,2.0,1.0
238088,1.0,1.0
1305442,1.0,1.0
1364399,1.0,1.0
865277,2.0,1.0
1228551,2.0,1.0
606961,1.0,1.0
483376,1.0,1.0
1013430,2.0,1.0
1593321,2.0,1.0
201280,2.0,1.0
448004,1.0,2.0
993949,2.0,1.0
524305,1.0,9.0
987057,2.0,1.0
518919,2.0,1.0
108412,1.0,1.0
897618,1.0,1.0
719461,2.0,2.0
672772,2.0,1.0
261081,2.0,1.0
262946,1.0,1.0
580214,1.0,1.0
431910,2.0,2.0
1494541,1.0,1.0
1225947,1.0,1.0
607484,1.0,1.0
417205,1.0,1.0
478470,1.0,1.0
648813,1.0,1.0
259296,2.0,1.0
1044024,2.0,1.0
1433890,1.0,1.0
1389512,2.0,1.0
1409040,2.0,2.0
129412,2.0,1.0
1600576,1.0,1.0
435403,1.0,1.0
726239,2.0,6.0
317413,1.0,1.0
1622832,2.0,1.0
634760,2.0,1.0
855034,1.0,1.0
396810,2.0,2.0
49738,2.0,1.0
838751,2.0,1.0
1298991,2.0,1.0
614536,2.0,1.0
192853,2.0,1.0
399232,1.0,1.0
658424,2.0,1.0
411915,2.0,1.0
435973,2.0,1.0
463093,2.0,1.0
917818,1.0,1.0
848119,2.0,1.0
1309165,1.0,8.0
333534,1.0,1.0
618341,2.0,1.0
1596116,2.0,2.0
914875,1.0,1.0
1504778,1.0,2.0
1038677,1.0,1.0
860695,1.0,1.0
709917,2.0,1.0
1173141,1.0,1.0
461170,2.0,1.0
126217,2.0,1.0
639190,1.0,1.0
1402278,2.0,1.0
365820,2.0,2.0
925377,2.0,1.0
928302,2.0,1.0
739407,2.0,1.0
495645,2.0,1.0
1014072,2.0,2.0
238802,2.0,6.0
504574,1.0,1.0
569651,2.0,1.0
1576041,2.0,9.0
1097313,2.0,1.0
680096,1.0,1.0
1130229,2.0,1.0
892361,1.0,1.0
612863,1.0,1.0
621871,1.0,1.0
878459,2.0,1.0
209035,1.0,9.0
373615,2.0,1.0
1661442,2.0,1.0
652373,1.0,1.0
1622036,1.0,1.0
785784,1.0,1.0
394832,2.0,1.0
293309,2.0,1.0
1416533,2.0,1.0
1357020,1.0,1.0
66551,1.0,1.0
1060672,2.0,1.0
408962,1.0,8.0
696620,1.0,8.0
1236985,2.0,2.0
1010506,1.0,1.0
670527,1.0,1.0
192795,1.0,1.0
787755,2.0,1.0
635630,1.0,1.0
619228,2.0,1.0
73239,1.0,2.0
1184901,1.0,1.0
661646,2.0,1.0
708284,1.0,1.0
1002409,2.0,6.0
847051,2.0,1.0
1496712,2.0,1.0
527847,2.0,1.0
1128715,2.0,6.0
1585162,2.0,1.0
158705,2.0,1.0
467850,2.0,2.0
1521347,1.0,1.0
852650,2.0,1.0
393732,2.0,2.0
1240169,2.0,1.0
722046,1.0,1.0
678274,2.0,6.0
1162550,1.0,1.0
59836,2.0,1.0
602873,1.0,1.0
393912,2.0,1.0
1115604,2.0,1.0
1384040,1.0,1.0
1485646,1.0,1.0
831877,1.0,1.0
612441,1.0,1.0
1357150,1.0,1.0
193289,2.0,1.0
831376,2.0,1.0
1470597,2.0,1.0
1030563,1.0,1.0
1565977,2.0,1.0
1649711,2.0,6.0
1645799,1.0,1.0
989689,2.0,1.0
18288,1.0,1.0
583792,1.0,1.0
6032,2.0,1.0
400716,2.0,1.0
398278,1.0,1.0
994329,2.0,1.0
1083071,1.0,2.0
1090808,2.0,2.0
1371773,1.0,1.0
1563743,1.0,1.0
1335829,1.0,9.0
1453013,1.0,1.0
1106845,1.0,1.0
1329083,2.0,1.0
335008,2.0,1.0
428541,2.0,9.0
851629,2.0,1.0
1291632,2.0,1.0
170529,2.0,1.0
18454,1.0,2.0
1020996,2.0,1.0
1524556,1.0,1.0
577398,2.0,1.0
826792,1.0,1.0
604559,1.0,1.0
1220180,2.0,1.0
59266,2.0,1.0
20937,2.0,1.0
696064,2.0,1.0
1219645,2.0,9.0
799743,2.0,1.0
260819,1.0,1.0
1170079,1.0,1.0
79966,2.0,2.0
1513747,1.0,1.0
671266,1.0,1.0
606239,1.0,1.0
921341,1.0,1.0
1534224,1.0,1.0
850077,2.0,1.0
426550,2.0,1.0
1588666,1.0,1.0
321246,2.0,1.0
1019656,1.0,1.0
411621,2.0,1.0
751428,2.0,1.0
259901,2.0,1.0
453224,1.0,1.0
996475,2.0,2.0
55677,1.0,1.0
1510314,1.0,1.0
1405321,1.0,1.0
684078,2.0,1.0
640798,2.0,1.0
682165,2.0,1.0
1499675,1.0,1.0
1583016,1.0,1.0
699581,1.0,2.0
1235989,1.0,1.0
545143,1.0,8.0
294080,1.0,1.0
1444867,1.0,1.0
768900,2.0,2.0
1407006,1.0,8.0
587884,1.0,1.0
230810,1.0,6.0
1253608,2.0,1.0
1619902,1.0,1.0
120252,1.0,8.0
1522744,1.0,1.0
1103663,1.0,1.0
1587647,1.0,1.0
18519,1.0,2.0
866404,2.0,1.0
978110,2.0,6.0
1144111,2.0,1.0
421327,2.0,1.0
879355,1.0,1.0
1236967,2.0,1.0
1108254,2.0,2.0
583458,1.0,1.0
1358391,1.0,1.0
1024814,1.0,2.0
1115170,2.0,1.0
1302054,1.0,6.0
1397764,2.0,1.0
136329,1.0,3.0
1072867,1.0,1.0
834768,2.0,2.0
732371,2.0,8.0
962805,2.0,1.0
203810,2.0,1.0
856666,1.0,2.0
604718,2.0,1.0
403027,2.0,1.0
1143160,1.0,2.0
1311394,1.0,1.0
316930,2.0,6.0
336790,1.0,1.0
1027926,1.0,1.0
746358,2.0,2.0
1487807,1.0,1.0
324478,2.0,1.0
258498,1.0,1.0
1234396,1.0,1.0
406738,1.0,2.0
853898,1.0,1.0
965062,1.0,3.0
1294406,1.0,1.0
858093,2.0,1.0
1648728,1.0,1.0
247861,1.0,9.0
105454,1.0,1.0
1511879,2.0,1.0
1485036,2.0,1.0
854951,1.0,1.0
1479599,2.0,2.0
155451,2.0,6.0
1168177,1.0,1.0
629283,1.0,1.0
978845,1.0,1.0
699249,2.0,1.0
1663040,1.0,8.0
113390,2.0,1.0
611124,2.0,1.0
770369,1.0,1.0
1315562,1.0,1.0
1129165,1.0,1.0
195557,2.0,8.0
500956,2.0,1.0
1026076,2.0,2.0
412229,2.0,1.0
40158,1.0,1.0
347756,2.0,1.0
1195500,1.0,1.0
1093245,2.0,6.0
1385412,1.0,1.0
976150,1.0,1.0
1201702,1.0,6.0
255170,2.0,6.0
1661261,1.0,1.0
716707,1.0,1.0
850195,2.0,7.0
1219277,1.0,1.0
305930,2.0,1.0
341427,1.0,1.0
445003,2.0,1.0
1444911,1.0,1.0
671747,2.0,8.0
1640756,2.0,1.0
213027,1.0,1.0
1354782,1.0,1.0
1577067,2.0,1.0
202176,1.0,1.0
375262,1.0,1.0
1211300,1.0,1.0
365838,1.0,1.0
1064924,2.0,8.0
655120,1.0,2.0
1256437,2.0,1.0
623914,1.0,1.0
1325789,2.0,2.0
695172,2.0,6.0
855425,1.0,1.0
497994,2.0,1.0
839169,2.0,1.0
460196,1.0,1.0
1102015,1.0,2.0
54510,2.0,6.0
204611,2.0,8.0
207937,1.0,1.0
737620,2.0,1.0
966230,1.0,1.0
1273399,1.0,1.0
1391458,2.0,5.0
1386241,1.0,2.0
782217,2.0,1.0
1053596,2.0,1.0
799053,1.0,1.0
1491497,1.0,1.0
348140,1.0,1.0
693213,1.0,6.0
41406,2.0,1.0
751318,1.0,6.0
476685,2.0,6.0
353649,1.0,1.0
692408,1.0,1.0
1582513,2.0,1.0
32668,1.0,1.0
625678,1.0,6.0
194027,2.0,1.0
1251960,2.0,1.0
71686,1.0,1.0
533400,1.0,1.0
1164277,2.0,1.0
537539,1.0,8.0
484288,2.0,1.0
1158262,2.0,1.0
583445,1.0,1.0
178611,1.0,8.0
519830,1.0,1.0
1426278,2.0,1.0
46409,1.0,1.0
1351622,1.0,1.0
500244,2.0,1.0
73025,2.0,9.0
640148,2.0,1.0
424055,2.0,1.0
267373,2.0,1.0
73807,1.0,1.0
1365609,1.0,1.0
573154,1.0,1.0
1503564,1.0,1.0
182799,2.0,1.0
1221937,1.0,6.0
52761,1.0,1.0
427374,2.0,8.0
505866,1.0,1.0
1397565,1.0,1.0
519803,1.0,1.0
969993,2.0,1.0
1052730,2.0,1.0
105729,2.0,1.0
1451855,2.0,1.0
115691,2.0,1.0
211244,1.0,1.0
1040158,2.0,1.0
627696,2.0,1.0
202360,1.0,1.0
165159,1.0,1.0
420181,2.0,1.0
453577,1.0,1.0
825005,1.0,1.0
157902,1.0,1.0
285845,1.0,1.0
568643,1.0,6.0
881134,2.0,1.0
402410,2.0,1.0
1575472,2.0,1.0
1623290,1.0,1.0
599124,2.0,1.0
29060,2.0,3.0
604598,2.0,1.0
1529699,2.0,1.0
1536331,2.0,1.0
289856,2.0,1.0
238905,1.0,8.0
1576515,2.0,1.0
728645,2.0,1.0
1001077,1.0,1.0
964156,2.0,1.0
853355,2.0,1.0
1123328,1.0,1.0
440084,2.0,9.0
1466156,2.0,1.0
132468,1.0,1.0
604374,1.0,1.0
178463,1.0,1.0
1065707,2.0,1.0
1088900,1.0,1.0
1282856,1.0,1.0
194078,2.0,8.0
369973,2.0,1.0
1090270,1.0,9.0
1213782,1.0,1.0
395256,1.0,1.0
564766,2.0,2.0
1091978,2.0,1.0
788513,2.0,1.0
572736,1.0,1.0
568454,1.0,1.0
6161,2.0,2.0
1165968,2.0,1.0
570900,2.0,8.0
1581278,2.0,1.0
792419,2.0,1.0
833313,2.0,2.0
1022519,1.0,1.0
12375,2.0,1.0
584252,2.0,1.0
57221,1.0,1.0
56730,2.0,1.0
1057564,2.0,1.0
503303,2.0,1.0
922088,1.0,1.0
917342,1.0,1.0
1395320,1.0,8.0
698672,2.0,6.0
553707,2.0,1.0
961572,2.0,1.0
688446,1.0,9.0
1553148,1.0,6.0
878494,1.0,1.0
1173116,2.0,1.0
576868,2.0,1.0
396106,1.0,1.0
1488047,1.0,1.0
1209028,1.0,1.0
515322,2.0,1.0
635253,1.0,1.0
956119,2.0,1.0
1484422,1.0,1.0
807586,1.0,1.0
359278,2.0,1.0
25572,2.0,1.0
799177,2.0,1.0
671835,2.0,1.0
629650,2.0,1.0
93410,2.0,1.0
715878,2.0,1.0
205822,2.0,6.0
1186489,1.0,1.0
1394983,1.0,2.0
914063,1.0,2.0
911844,1.0,1.0
370070,1.0,1.0
575586,2.0,1.0
667605,1.0,8.0
1010884,2.0,1.0
1476051,1.0,1.0
1088218,1.0,1.0
1632414,2.0,1.0
1595694,2.0,1.0
1499345,1.0,1.0
1309787,2.0,1.0
702378,2.0,1.0
576132,2.0,1.0
400046,2.0,1.0
1104074,1.0,1.0
224052,2.0,8.0
547019,2.0,1.0
840954,2.0,2.0
1052642,1.0,1.0
1248306,2.0,1.0
634356,1.0,1.0
1173719,2.0,1.0
209498,2.0,8.0
1061902,2.0,6.0
421019,2.0,1.0
483067,2.0,1.0
1185255,1.0,1.0
504721,1.0,1.0
1308183,1.0,1.0
696007,1.0,9.0
1122972,1.0,1.0
860013,2.0,1.0
1236868,2.0,1.0
1093408,1.0,1.0
352956,2.0,1.0
1595628,1.0,1.0
1408577,2.0,1.0
920357,2.0,1.0
196007,2.0,8.0
604969,2.0,1.0
1623123,1.0,1.0
1002237,1.0,1.0
1308807,2.0,1.0
1577563,2.0,9.0
320016,1.0,1.0
438499,1.0,1.0
1347090,1.0,1.0
490685,2.0,6.0
182911,2.0,2.0
977479,1.0,1.0
1186435,1.0,1.0
303566,2.0,1.0
1541388,2.0,1.0
594201,2.0,1.0
1266216,2.0,1.0
990816,1.0,1.0
586584,2.0,1.0
967102,1.0,1.0
458974,2.0,1.0
1202275,2.0,2.0
322553,2.0,1.0
786015,1.0,1.0
679895,1.0,1.0
958876,2.0,1.0
788046,1.0,1.0
77471,1.0,1.0
1140491,1.0,1.0
828773,1.0,1.0
121787,1.0,6.0
260335,2.0,8.0
1397043,2.0,1.0
498834,1.0,1.0
1300367,1.0,1.0
1006562,2.0,1.0
143210,1.0,1.0
253744,1.0,1.0
1018331,2.0,6.0
254979,1.0,1.0
523558,1.0,1.0
81323,2.0,1.0
112210,1.0,6.0
687991,1.0,1.0
735709,2.0,1.0
717130,2.0,1.0
1366117,2.0,1.0
310249,2.0,6.0
1198617,2.0,1.0
333891,2.0,2.0
414025,2.0,2.0
1636989,1.0,1.0
987928,1.0,1.0
239131,2.0,8.0
1130268,1.0,2.0
828921,1.0,1.0
1233008,1.0,1.0
1413963,2.0,1.0
365404,1.0,1.0
491891,1.0,1.0
1540958,1.0,2.0
1203831,2.0,1.0
897170,1.0,1.0
851018,1.0,1.0
821896,2.0,1.0
916381,2.0,1.0
1306845,1.0,1.0
1626790,1.0,1.0
776999,1.0,1.0
76135,2.0,9.0
214735,1.0,1.0
1479869,1.0,1.0
591419,1.0,1.0
230941,1.0,1.0
1583485,1.0,1.0
385919,1.0,1.0
692877,2.0,6.0
769416,1.0,1.0
406427,1.0,1.0
981237,2.0,1.0
257779,1.0,1.0
1077032,1.0,1.0
809412,1.0,1.0
1189601,1.0,1.0
1314134,2.0,1.0
166677,1.0,1.0
386845,1.0,2.0
40931,2.0,1.0
1064622,1.0,1.0
339207,2.0,1.0
738375,1.0,1.0
506778,2.0,1.0
842940,2.0,2.0
992559,1.0,1.0
250941,1.0,1.0
1247854,2.0,1.0
1333393,1.0,1.0
978593,1.0,1.0
1579814,1.0,1.0
920013,1.0,1.0
471397,2.0,2.0
195514,2.0,1.0
96000,2.0,1.0
1550349,1.0,2.0
421961,1.0,1.0
625619,1.0,1.0
1302177,1.0,9.0
1628348,1.0,1.0
1079590,1.0,9.0
1052243,1.0,2.0
767662,1.0,1.0
439059,1.0,1.0
564445,2.0,1.0
322747,2.0,1.0
891077,1.0,1.0
1657626,1.0,8.0
482102,1.0,1.0
1108167,1.0,1.0
998180,1.0,1.0
1310375,1.0,1.0
970237,1.0,1.0
666053,2.0,1.0
596793,1.0,1.0
1359250,1.0,1.0
83721,2.0,1.0
1371504,2.0,1.0
1042222,2.0,1.0
464406,2.0,1.0
406596,2.0,1.0
1395784,1.0,2.0
1585860,2.0,1.0
882396,1.0,1.0
1490451,2.0,1.0
1367308,2.0,1.0
570504,1.0,1.0
973727,1.0,1.0
